Year,Status,Adult Mortality,infant deaths,Alcohol,percentage expenditure,Hepatitis B,Measles,BMI,under-five deaths,Polio,Total expenditure,Diphtheria,HIV/AIDS,GDP,Population,thinness  1-19 years,thinness 5-9 years,Income composition of resources,Schooling,Country_Afghanistan,Country_Angola,Country_Argentina,Country_Austria,Country_Azerbaijan,Country_Belize,Country_Benin,Country_Bolivia (Plurinational State of),Country_Bosnia and Herzegovina,Country_Burkina Faso,Country_Cabo Verde,Country_Congo,Country_Costa Rica,Country_Cuba,Country_Côte d'Ivoire,Country_Democratic People's Republic of Korea,Country_Denmark,Country_Dominican Republic,Country_Egypt,Country_El Salvador,Country_Eritrea,Country_Ethiopia,Country_Fiji,Country_Finland,Country_France,Country_Germany,Country_Ghana,Country_Guatemala,Country_Guyana,Country_Honduras,Country_Iceland,Country_Iraq,Country_Jamaica,Country_Kazakhstan,Country_Kiribati,Country_Kyrgyzstan,Country_Lao People's Democratic Republic,Country_Latvia,Country_Libya,Country_Lithuania,Country_Maldives,Country_Mali,Country_Micronesia (Federated States of),Country_Mongolia,Country_Morocco,Country_Namibia,Country_Netherlands,Country_Nicaragua,Country_Niger,Country_Panama,Country_Republic of Korea,Country_Russian Federation,Country_Saint Kitts and Nevis,Country_Saint Vincent and the Grenadines,Country_Samoa,Country_Sao Tome and Principe,Country_Senegal,Country_Sierra Leone,Country_Singapore,Country_Slovenia,Country_Somalia,Country_South Sudan,Country_Suriname,Country_Swaziland,Country_Sweden,Country_Switzerland,Country_Syrian Arab Republic,Country_Timor-Leste,Country_Togo,Country_Tonga,Country_Trinidad and Tobago,Country_Turkmenistan,Country_United Kingdom of Great Britain and Northern Ireland,Country_Uzbekistan,Country_Vanuatu,Country_Yemen,Country_Zimbabwe,Actual,Predicted,Correct
2012.0,1,0.1620498614958448,0.0,0.2980725541901113,339.7190493,0.6225715064509428,0.0,62.3,0.0,95.0,1.2387046293564323,95.0,0.1,-0.6345906575346213,0.002625280125135,1.5,1.5,0.784,0.748792270531401,False,False,False,False,False,False,False,False,False,False,False,False,False,False,False,False,False,False,False,False,False,False,False,False,False,False,False,False,False,False,False,False,False,False,False,False,False,False,False,False,False,False,False,False,False,False,False,False,False,False,False,False,False,False,False,False,False,False,False,False,False,False,False,False,False,False,False,False,False,False,False,False,False,False,False,False,False,76.5,75.39844894970095,False
2010.0,1,0.0193905817174515,12.0,-0.0824545507703497,113.2436346,0.3126039739387607,0.0,54.2,15.0,88.0,0.3737156203460433,88.0,0.1,-0.8073986671785847,0.0035489663690315,2.2,2.0,0.695,0.6183574879227054,False,False,False,False,False,False,False,False,False,False,False,False,False,False,False,False,False,False,False,False,False,False,False,False,False,False,False,False,False,False,False,False,False,False,False,False,False,False,False,False,False,False,False,False,False,False,False,False,False,False,False,False,False,False,False,False,False,False,False,False,False,False,False,False,False,False,False,False,False,False,False,False,False,False,False,False,False,73.6,73.17182947444626,False
2004.0,1,0.0152354570637119,9.0,-1.1601890359603813,816.4795082,0.6668525825241117,1880.0,59.4,11.0,96.0,-1.0155091517009447,96.0,0.1,1.0713177414607198,0.0098568225419297,7.2,7.3,0.754,0.5942028985507246,False,False,False,False,False,False,False,False,False,False,False,False,False,False,False,False,False,False,False,False,False,False,False,False,False,False,False,False,False,False,False,False,False,False,False,False,False,False,False,False,False,False,False,False,False,False,False,False,False,False,False,False,False,False,False,False,False,False,False,False,False,False,False,False,False,False,False,False,False,False,False,False,False,False,False,False,False,73.1,73.30879996877978,False
2007.0,1,0.2299168975069252,0.0,1.5699014016418549,0.0,0.5340093543046052,0.0,59.4,0.0,95.0,0.8280532816444294,95.0,0.1,0.4180398276407497,0.0098568225419297,2.5,2.5,0.79,0.6038647342995169,False,False,False,False,False,False,False,False,False,False,False,False,False,False,False,False,False,False,False,False,False,False,False,False,False,False,False,False,False,False,False,False,False,False,False,False,False,False,False,False,False,False,False,False,False,False,False,False,False,False,False,False,False,False,False,False,False,False,False,False,False,False,False,False,False,False,False,False,False,False,False,False,False,False,False,False,False,74.4,74.94359436965222,False
2003.0,1,0.0429362880886426,2.0,0.4768436773258986,352.232365,0.0,0.0,29.8,3.0,44.0,-1.059195465287328,45.0,11.0,-0.0449804509246975,0.0010264733120973,7.5,7.4,0.638,0.5942028985507246,False,False,False,False,False,False,False,False,False,False,False,False,False,False,False,False,False,False,False,False,False,False,False,False,False,False,False,False,False,False,False,False,False,False,False,False,False,False,False,False,False,False,False,False,False,False,False,False,False,False,False,False,False,False,False,False,False,False,False,False,False,False,False,False,False,False,False,False,False,False,False,False,False,False,False,False,False,59.7,57.10499785968999,False
2005.0,1,0.2174515235457063,9.0,0.8471552895357436,0.0,0.3126039739387607,0.0,56.5,11.0,8.0,-0.5305910708920902,87.0,0.1,0.4180398276407497,0.0098568225419297,1.7,1.6,0.7,0.5700483091787439,False,False,False,False,False,False,False,False,False,False,False,False,False,False,False,False,False,False,False,False,False,False,False,False,False,False,False,False,False,False,False,False,False,False,False,False,False,False,False,False,False,False,False,False,False,False,False,False,False,False,False,False,False,False,False,False,False,False,False,False,False,False,False,False,False,False,False,False,False,False,False,False,False,False,False,False,False,73.6,69.94365820383793,False
2008.0,1,0.185595567867036,24.0,-1.170404528710998,0.0,0.7996958107436184,127.0,51.4,28.0,99.0,0.1640213151314037,99.0,0.1,0.4180398276407497,0.0098568225419297,7.6,7.8,0.716,0.5845410628019323,False,False,False,False,False,False,False,False,False,False,False,False,False,False,False,False,False,False,False,False,False,False,False,False,False,False,False,False,False,False,False,False,False,False,False,False,False,False,False,False,False,False,False,False,False,False,False,False,False,False,False,False,False,False,False,False,False,False,False,False,False,False,False,False,False,False,False,False,False,False,False,False,False,False,False,False,False,72.7,72.32339865678291,False
2015.0,1,0.3795013850415513,4.0,0.0,0.0,0.2683228978655919,153.0,26.3,6.0,87.0,0.0146969204726966,87.0,3.2,-0.8125423294868921,0.0001371802988835,7.1,7.0,0.421,0.4444444444444444,False,False,False,False,False,False,False,False,False,False,False,False,False,False,False,False,False,False,False,False,False,False,False,False,False,False,False,False,False,False,False,False,False,False,False,False,False,False,False,False,False,False,False,False,False,False,False,False,False,False,False,False,False,False,False,False,False,False,False,False,False,False,False,False,False,False,False,False,False,False,False,False,False,False,False,False,False,58.9,66.61957285156457,False
2011.0,1,0.3227146814404432,35.0,-1.1652967823356897,0.0,-0.5287364714514479,2676.0,37.9,45.0,69.0,-0.2204182444287689,69.0,0.1,0.4180398276407497,0.0098568225419297,13.7,13.6,0.493,0.4154589371980676,False,False,False,False,False,False,False,False,False,False,False,False,False,False,False,False,False,False,False,False,False,False,False,False,False,False,False,False,False,False,False,False,False,False,False,False,False,False,False,False,False,False,False,False,False,False,False,False,False,False,False,False,False,False,False,False,False,False,False,False,False,False,False,False,False,False,False,False,False,False,False,False,False,False,False,True,False,64.6,66.00274692903513,False
2006.0,1,0.46398891966759,7.0,-0.927786575883858,10.60269773,0.5782904303777741,128.0,14.3,9.0,94.0,-1.137830829742818,94.0,1.4,-0.8659814548739349,0.0003606373694771,9.3,9.3,0.405,0.2560386473429951,False,False,False,False,False,False,False,False,False,False,False,False,False,False,False,False,False,False,False,False,True,False,False,False,False,False,False,False,False,False,False,False,False,False,False,False,False,False,False,False,False,False,False,False,False,False,False,False,False,False,False,False,False,False,False,False,False,False,False,False,False,False,False,False,False,False,False,False,False,False,False,False,False,False,False,False,False,59.7,65.70021441658956,False
2003.0,0,0.0900277008310249,0.0,1.536701050202351,158.7087399,0.3126039739387607,0.0,54.3,0.0,98.0,0.4042960398565117,98.0,0.1,-0.5093579573513599,0.0007678802716147,0.9,1.0,0.815,0.6280193236714976,False,False,False,False,False,False,False,False,False,False,False,False,False,False,False,False,False,False,False,False,False,False,False,False,False,False,False,False,False,False,False,False,False,False,False,False,False,False,False,False,False,False,False,False,False,False,False,False,False,False,False,False,False,False,False,False,False,False,False,False,False,False,False,False,False,False,False,False,False,False,False,False,False,False,False,False,False,78.5,74.77706441007273,False
2011.0,1,0.1592797783933518,4.0,-1.0656957280171797,68.86623298,0.7554147346704495,0.0,62.4,4.0,98.0,1.085802531804091,98.0,0.1,-0.8499885635551723,0.0058545076997014,3.8,3.9,0.737,0.6328502415458936,False,False,False,False,False,False,False,False,False,False,False,False,False,False,False,False,False,False,False,False,False,False,False,False,False,False,False,False,False,False,False,False,False,False,False,False,False,False,False,False,False,False,False,False,False,False,False,False,False,False,False,False,False,False,False,False,False,False,False,False,False,False,False,False,False,False,False,False,False,False,False,False,False,False,False,False,False,73.6,74.24645011495566,False
2013.0,0,0.0941828254847645,0.0,1.1689433111801604,10019.0763,0.5340093543046052,8.0,66.4,0.0,92.0,2.3002820495055456,92.0,0.1,2.268304998128889,0.0098568225419297,0.3,0.3,0.908,0.932367149758454,False,False,False,False,False,False,False,False,False,False,False,False,False,False,False,False,False,False,False,False,False,False,False,False,False,False,False,False,False,False,False,False,False,False,False,False,False,False,False,False,False,False,False,False,False,False,False,False,False,False,False,False,False,False,False,False,False,False,False,False,False,False,False,False,False,False,False,False,False,False,False,False,False,False,False,False,False,81.3,85.67850587290575,False
2014.0,1,0.1717451523545706,8.0,-1.172958401898652,973.728675,0.3126039739387607,0.0,54.9,10.0,78.0,-0.1898378249183009,88.0,0.1,0.2408344464124397,0.0030709058727144,1.1,1.1,0.735,0.6473429951690821,False,False,False,False,False,False,False,False,False,False,False,False,False,False,False,False,False,False,False,False,False,False,False,False,False,False,False,False,False,False,False,False,False,False,False,False,False,False,False,False,False,False,False,False,False,False,False,False,False,False,False,False,False,False,False,False,False,False,False,False,False,False,False,False,False,False,False,False,False,False,False,False,False,False,False,False,False,75.3,73.84669963068087,False
2010.0,1,0.3213296398891967,35.0,-1.1601890359603813,0.0,-0.2187689389392657,510.0,37.2,45.0,77.0,-0.3208967656774507,76.0,0.1,0.4180398276407497,0.0098568225419297,13.7,13.7,0.488,0.4106280193236715,False,False,False,False,False,False,False,False,False,False,False,False,False,False,False,False,False,False,False,False,False,False,False,False,False,False,False,False,False,False,False,False,False,False,False,False,False,False,False,False,False,False,False,False,False,False,False,False,False,False,False,False,False,False,False,False,False,False,False,False,False,False,False,False,False,False,False,False,False,False,False,False,False,False,False,True,False,64.4,66.63623085397619,False
2003.0,1,0.0166204986149584,391.0,-0.4195658115406914,122.9365349,-0.2630500150124346,71879.0,22.6,467.0,87.0,-0.473798863229792,86.0,0.1,-0.6889225424106037,9.9315284105939e-06,5.3,4.7,0.61,0.4782608695652174,False,False,False,False,False,False,False,False,False,False,False,False,False,False,False,False,False,False,False,False,False,False,False,False,False,False,False,False,False,False,False,False,False,False,False,False,False,False,False,False,False,False,False,False,False,False,False,False,False,False,False,False,False,False,False,False,False,False,False,False,False,False,False,False,False,False,False,False,False,False,False,False,False,False,False,False,False,73.1,73.38127268021962,False
2003.0,1,0.2091412742382271,15.0,-0.0262693406419595,34.70333523,-0.7058607757441233,0.0,47.4,19.0,95.0,-0.5699087531198355,94.0,0.4,-0.8802003982797864,0.0208196554546435,1.3,1.3,0.686,0.6425120772946861,False,False,False,False,False,False,False,False,False,False,False,False,False,False,False,False,False,False,False,False,False,False,False,False,False,False,False,False,False,False,False,False,False,False,False,False,False,False,False,False,False,False,False,False,False,False,False,False,False,False,False,False,False,False,False,False,False,False,False,False,False,False,False,False,False,False,False,False,False,False,False,False,False,False,False,False,False,72.1,72.58925041323145,False
2011.0,1,0.1759002770083102,1.0,-0.1309781413357778,260.9963826,0.6225715064509428,0.0,51.9,1.0,96.0,-0.9587169440386464,95.0,0.1,-0.2889311563306666,0.0022224573328014,2.0,2.1,0.729,0.6135265700483091,False,False,False,False,False,False,False,False,False,False,False,False,False,False,False,False,False,False,False,False,False,False,False,False,False,False,False,False,False,False,False,False,False,False,False,False,False,False,False,False,False,False,False,False,False,False,False,False,False,False,False,False,False,False,False,False,False,False,False,False,False,False,False,False,False,False,False,False,False,False,False,False,False,False,False,False,False,73.9,73.94386724067458,False
2014.0,1,0.2091412742382271,8.0,0.461520438199974,789.0772949,0.7996958107436184,0.0,32.4,10.0,99.0,-0.779603058334475,99.0,0.1,0.1426068783267962,0.0528780371367439,7.8,7.8,0.737,0.6570048309178743,False,False,False,False,False,False,False,False,False,False,False,False,False,False,False,False,False,False,False,False,False,False,False,False,False,False,False,False,False,False,False,False,False,False,False,False,False,False,False,False,False,False,False,False,False,False,False,False,False,False,False,False,False,False,False,False,False,False,False,False,False,False,False,False,False,False,False,False,False,False,False,False,False,False,False,False,False,74.6,71.62111716654984,False
2013.0,1,0.0221606648199446,32.0,-1.172958401898652,447.3695001,-0.6615796996709544,669.0,57.8,39.0,7.0,0.0067505862204238,68.0,0.1,0.318336800246963,0.0261876326487009,5.3,5.1,0.659,0.497584541062802,False,False,False,False,False,False,False,False,False,False,False,False,False,False,False,False,False,False,False,False,False,False,False,False,False,False,False,False,False,False,False,True,False,False,False,False,False,False,False,False,False,False,False,False,False,False,False,False,False,False,False,False,False,False,False,False,False,False,False,False,False,False,False,False,False,False,False,False,False,False,False,False,False,False,False,False,False,69.5,68.29013819248287,False
2001.0,1,0.5318559556786704,25.0,0.3797964961950427,10.61917585,0.0,0.0,13.0,40.0,72.0,-0.4126380242088555,81.0,5.3,-0.8953036554365447,0.0050668532526482,8.8,8.8,0.268,0.217391304347826,False,False,False,False,False,False,False,False,False,False,False,False,False,False,False,False,False,False,False,False,False,False,False,False,False,False,False,False,False,False,False,False,False,False,False,False,False,False,False,False,False,False,False,False,False,False,False,False,False,False,False,False,False,False,False,False,False,False,False,False,False,False,False,False,False,False,False,False,False,False,False,False,False,False,False,False,False,51.3,60.82619669152986,False
2002.0,1,0.2299168975069252,14.0,-0.3889193332888421,0.0,0.0,0.0,26.2,18.0,99.0,0.0146969204726966,64.0,0.1,0.4180398276407497,0.0098568225419297,5.9,5.9,0.677,0.5793619706663184,False,False,False,False,False,False,False,False,False,False,False,False,False,False,False,True,False,False,False,False,False,False,False,False,False,False,False,False,False,False,False,False,False,False,False,False,False,False,False,False,False,False,False,False,False,False,False,False,False,False,False,False,False,False,False,False,False,False,False,False,False,False,False,False,False,False,False,False,False,False,False,False,False,False,False,False,False,67.6,67.66678177623531,False
2010.0,1,0.0013850415512465,0.0,-0.6008908078641327,62.08343533,0.7996958107436184,0.0,58.7,0.0,99.0,-0.7315481133894532,99.0,0.1,-0.2665956369082571,6.643767421813715e-05,4.0,3.7,0.706,0.7053140096618358,False,False,False,False,False,False,False,False,False,False,False,False,False,False,False,False,False,False,False,False,False,False,True,False,False,False,False,False,False,False,False,False,False,False,False,False,False,False,False,False,False,False,False,False,False,False,False,False,False,False,False,False,False,False,False,False,False,False,False,False,False,False,False,False,False,False,False,False,False,False,False,False,False,False,False,False,False,69.1,74.05972048804675,False
2007.0,1,0.2451523545706371,367.0,-1.1678506555233434,3.912744517,-0.2630500150124346,2801.0,2.1,459.0,75.0,-1.1159876729496263,75.0,0.1,-0.9021496632153868,0.0126234286100019,2.8,15.599999999999998,0.505,0.323671497584541,False,False,False,False,False,False,False,False,False,False,False,False,False,False,False,False,False,False,False,False,False,False,False,False,False,False,False,False,False,False,False,False,False,False,False,False,False,False,False,False,False,False,False,False,False,False,False,False,False,False,False,False,False,False,False,False,False,False,False,False,False,False,False,False,False,False,False,False,False,False,False,False,False,False,False,False,False,64.4,66.91064670631211,False
2012.0,0,0.0180055401662049,0.0,1.7588880175282584,1851.713262,0.7554147346704495,2.0,61.9,0.0,96.0,0.8280532816444294,96.0,0.1,1.4460708689647428,0.0032982907275401,1.5,1.5,0.815,0.7053140096618358,False,False,False,False,False,False,False,False,False,False,False,False,False,False,False,False,False,False,False,False,False,False,False,False,False,False,False,False,False,False,False,False,False,False,False,False,False,False,False,False,False,False,False,False,False,False,False,False,False,False,False,False,False,False,False,False,False,False,False,False,False,False,False,False,False,False,False,False,False,False,False,False,False,False,False,False,False,77.1,77.92880996144645,False
2007.0,1,0.3601108033240997,35.0,-0.9941872787628646,55.43034455,0.1354796696460852,0.0,16.7,51.0,83.0,-0.4039007614915787,84.0,0.6,-0.8516819020790863,0.0150197858459505,7.9,7.8,0.483,0.4396135265700482,False,False,False,False,False,False,False,False,False,False,False,False,False,False,False,False,False,False,False,False,False,False,False,False,False,False,False,False,False,False,False,False,False,False,False,False,False,False,False,False,False,False,False,False,False,False,False,False,False,False,False,False,False,False,False,False,False,False,False,False,False,False,False,False,False,False,False,False,False,False,False,False,False,False,False,False,False,61.9,65.47481857271653,False
2014.0,0,0.0886426592797784,0.0,1.6643947095850562,16255.16198,0.5782904303777741,0.0,6.9,0.0,99.0,0.4523509848015334,99.0,0.1,2.268304998128889,0.0004299424343881,1.0,0.9,0.892,0.6714975845410628,False,False,False,False,False,False,False,False,False,False,False,False,False,False,False,False,False,False,False,False,False,False,False,False,False,False,False,False,False,False,False,False,False,False,False,False,False,False,False,False,False,False,False,False,False,False,False,False,False,False,False,False,False,False,False,False,False,False,False,False,False,False,False,False,False,False,False,False,False,False,False,False,False,False,False,False,False,81.7,85.57694577746453,False
2014.0,1,0.721606648199446,4.0,-1.172958401898652,162.1278115,0.5340093543046052,0.0,32.0,6.0,9.0,-1.8717608979940568,93.0,9.4,-0.7092593102537491,0.001658411441133,5.8,5.6,0.491,0.5217391304347826,False,False,False,False,False,False,False,False,False,False,False,False,False,False,False,False,False,False,False,False,False,False,False,False,False,False,False,False,False,False,False,False,False,False,False,False,False,False,False,False,False,False,False,False,False,False,False,False,False,False,False,False,False,False,False,False,False,False,False,False,False,False,False,False,False,False,False,False,False,False,False,False,False,False,False,False,False,52.1,59.67165244818163,False
2005.0,1,0.2313019390581717,0.0,-0.1692862391505893,479.9234077,0.7111336585972806,7.0,28.0,0.0,97.0,-0.6267009607821337,97.0,0.1,-0.0048911511593239,0.0009492686244715,7.7,7.6,0.704,0.6280193236714976,False,False,False,False,False,False,False,False,False,False,False,False,False,False,False,False,False,False,False,False,False,False,False,False,False,False,False,False,False,False,False,False,False,False,False,False,False,False,False,False,False,False,False,False,False,False,False,False,False,False,False,False,False,False,False,False,False,False,False,False,False,False,False,False,False,False,False,False,False,False,False,False,False,False,False,False,False,72.1,69.69742679145646,False
2001.0,1,0.2520775623268698,0.0,-0.4553200361678489,0.0,0.0026364414265786,0.0,62.0,0.0,79.0,1.168806527618219,75.0,0.1,0.4180398276407497,0.0098568225419297,0.3,0.2,0.604,0.4879227053140096,False,False,False,False,False,False,False,False,False,False,False,False,False,False,False,False,False,False,False,False,False,False,False,False,False,False,False,False,False,False,False,False,False,False,False,False,False,False,False,False,False,False,True,False,False,False,False,False,False,False,False,False,False,False,False,False,False,False,False,False,False,False,False,False,False,False,False,False,False,False,False,False,False,False,False,False,False,67.2,72.68540941757426,False
2005.0,1,0.3074792243767313,65.0,-0.0977777898962745,105.7306982,-1.4143579929148251,118.0,2.1,84.0,9.0,-0.8713443168658799,89.0,0.1,-0.7057106883682247,0.0666797430502603,1.0,9.7,0.642,0.5603864734299516,False,False,False,False,False,False,False,False,False,False,False,False,False,False,False,False,False,False,False,False,False,False,False,False,False,False,False,False,False,False,False,False,False,False,False,False,False,False,False,False,False,False,False,False,False,False,False,False,False,False,False,False,False,False,False,False,False,False,False,False,False,False,False,False,False,False,False,False,False,False,False,False,False,False,False,False,False,67.0,63.00132299324166,False
2014.0,1,0.167590027700831,0.0,-1.172958401898652,2700.07305,0.5340093543046052,0.0,59.4,0.0,93.0,0.2077076287177869,93.0,0.1,2.268304998128889,0.0010159613496138,1.9,1.9,0.86,0.7971014492753623,False,False,False,False,False,False,False,False,False,False,False,False,False,False,False,False,False,False,False,False,False,False,False,False,False,False,False,False,False,False,False,False,False,False,False,False,False,False,False,False,False,False,False,False,False,False,False,False,False,False,False,False,False,False,False,False,False,False,False,False,False,False,False,False,False,False,False,False,False,False,False,False,False,False,False,False,False,77.3,77.05612790258958,False
2012.0,1,0.2396121883656509,0.0,-1.172958401898652,177.2633961,0.7996958107436184,0.0,34.8,0.0,98.0,-0.4825361259470688,98.0,0.1,1.376234050815611,6.800585096094609e-06,5.7,6.1,0.755,0.6521739130434783,False,False,False,False,False,False,False,False,False,False,False,False,False,False,False,False,False,False,False,False,False,False,False,False,False,False,False,False,False,False,False,False,False,False,False,False,False,False,False,False,False,False,False,False,False,False,False,False,False,False,False,False,False,False,False,False,False,False,False,False,False,False,False,False,False,False,False,False,False,False,False,False,False,False,False,False,False,72.7,71.15337678496978,False
2008.0,1,0.1204986149584487,3.0,1.8635968182220768,7002.785925,-1.5029201450611631,604.0,59.1,3.0,98.0,-1.8936040547872484,98.0,0.1,2.268304998128889,0.004975398174296,0.6,0.6,0.877,0.7777777777777778,False,False,False,False,False,False,False,False,False,False,False,False,False,False,False,False,False,False,False,False,False,False,False,False,True,False,False,False,False,False,False,False,False,False,False,False,False,False,False,False,False,False,False,False,False,False,False,False,False,False,False,False,False,False,False,False,False,False,False,False,False,False,False,False,False,False,False,False,False,False,False,False,False,False,False,False,False,89.0,82.76763094447604,False
2014.0,0,0.077562326869806,2.0,0.7552158547801958,4831.644796,0.6225715064509428,0.0,63.1,2.0,95.0,1.461504828646987,95.0,0.1,2.268304998128889,0.0005246938527147,0.6,0.6,0.877,0.7874396135265701,False,False,False,False,False,False,False,False,False,False,False,False,False,False,False,False,False,False,False,False,False,False,False,False,False,False,False,False,False,False,False,False,False,False,False,False,False,False,False,False,False,False,False,False,False,False,False,False,False,False,False,False,False,False,False,False,False,False,False,False,False,False,False,False,False,False,False,False,False,False,False,False,False,False,False,False,False,82.5,80.84798566828674,False
2007.0,1,0.0152354570637119,4.0,-1.0222798838270597,373.2628643,0.7554147346704495,41.0,59.3,4.0,98.0,1.0683280063695373,98.0,0.1,-0.4254787371324549,0.0047865770192037,3.8,3.8,0.736,0.6570048309178743,False,False,False,False,False,False,False,False,False,False,False,False,False,False,False,False,False,False,False,False,False,False,False,False,False,False,False,False,False,False,False,False,False,False,False,False,False,False,False,False,False,False,False,False,False,False,False,False,False,False,False,False,False,False,False,False,False,False,False,False,False,False,False,False,False,False,False,False,False,False,False,False,False,False,False,False,False,73.0,74.03463713485094,False
2006.0,1,0.6038781163434903,96.0,-0.1360858877110859,0.0,-3.1856010358415805,2362.0,18.6,145.0,91.0,0.4174019339324268,9.0,9.4,0.4180398276407497,0.0098568225419297,7.6,7.5,0.677,0.5793619706663184,False,False,False,False,False,False,False,False,False,False,False,False,False,False,False,False,False,False,False,False,False,False,False,False,False,False,False,False,False,False,False,False,False,False,False,False,False,False,False,False,False,False,False,False,False,False,False,False,False,False,False,False,False,False,False,False,False,False,False,False,False,False,False,False,False,False,False,False,False,False,False,False,False,False,False,False,False,53.1,55.290513318508474,False
2013.0,1,0.2188365650969529,9.0,0.5381366338295971,0.0,0.0469175174997475,0.0,61.0,10.0,82.0,-0.421375286926132,82.0,0.1,0.4180398276407497,0.0098568225419297,1.6,1.5,0.77,0.6859903381642511,False,False,False,False,False,False,False,False,False,False,False,False,False,False,False,False,False,False,False,False,False,False,False,False,False,False,False,False,False,False,False,False,False,False,False,False,False,False,False,False,False,False,False,False,False,False,False,False,False,False,False,False,False,False,False,False,False,False,False,False,False,False,False,False,False,False,False,False,False,False,False,False,False,False,False,False,False,73.8,74.20203926318887,False
2005.0,0,0.3060941828254848,0.0,1.9657517457282407,913.699529,0.6225715064509428,1.0,58.4,0.0,93.0,-0.032567096007321,94.0,0.1,0.4859467692492217,0.0025678944400799,3.0,3.1,0.798,0.7826086956521738,False,False,False,False,False,False,False,False,False,False,False,False,False,False,False,False,False,False,False,False,False,False,False,False,False,False,False,False,False,False,False,False,False,False,False,False,False,False,False,True,False,False,False,False,False,False,False,False,False,False,False,False,False,False,False,False,False,False,False,False,False,False,False,False,False,False,False,False,False,False,False,False,False,False,False,False,False,78.0,75.3990387651768,False
2014.0,1,0.2742382271468144,8.0,-1.172958401898652,0.0,0.3126039739387607,339.0,2.9,11.0,88.0,-1.7625451140280983,88.0,0.2,0.4180398276407497,0.0098568225419297,8.9,9.0,0.573,0.5120772946859903,False,False,False,False,False,False,False,False,False,False,False,False,False,False,False,False,False,False,False,False,False,False,False,False,False,False,False,False,False,False,False,False,False,False,False,False,True,False,False,False,False,False,False,False,False,False,False,False,False,False,False,False,False,False,False,False,False,False,False,False,False,False,False,False,False,False,False,False,False,False,False,False,False,False,False,False,False,65.3,65.40441466115728,False
2012.0,1,0.1038781163434903,0.0,0.9186637387900582,2528.992935,0.7554147346704495,3.0,64.9,0.0,99.0,1.4571361972883488,99.0,0.1,2.268304998128889,8.847716559218349e-05,0.8,0.7,0.858,0.8115942028985508,False,False,False,False,False,False,False,False,False,False,False,False,False,False,False,False,False,False,False,False,False,False,False,False,False,False,False,False,False,False,False,False,False,False,False,False,False,False,False,False,False,False,False,False,False,False,False,False,False,False,False,False,False,False,False,False,False,False,False,False,False,False,False,False,False,False,False,False,False,False,False,False,False,False,False,False,False,84.0,79.21659749632293,False
2011.0,1,0.0360110803324099,47.0,-1.0912344598937205,21.23698847,-3.4070064162074245,2046.0,2.5,61.0,9.0,-1.7625451140280983,84.0,0.5,-0.7071891156864705,0.0004291788273787,13.0,13.3,0.526,0.4396135265700482,False,False,False,False,False,False,False,False,False,False,False,False,False,False,False,False,False,False,False,False,False,False,False,False,False,False,False,False,False,False,False,False,False,False,False,False,False,False,False,False,False,False,False,False,False,False,False,False,False,False,False,False,False,False,False,False,False,False,False,False,False,False,False,False,False,False,False,False,False,False,False,False,False,False,False,False,False,65.6,59.81695278220543,False
2014.0,1,0.2493074792243767,2.0,-0.531936231797472,665.7260253,0.5340093543046052,0.0,55.4,2.0,93.0,0.3780842517046815,94.0,0.2,-0.206408435078814,0.0048545890532174,1.6,1.6,0.676,0.6376811594202898,False,False,False,False,False,False,False,False,False,False,False,False,False,False,False,False,False,False,False,True,False,False,False,False,False,False,False,False,False,False,False,False,False,False,False,False,False,False,False,False,False,False,False,False,False,False,False,False,False,False,False,False,False,False,False,False,False,False,False,False,False,False,False,False,False,False,False,False,False,False,False,False,False,False,False,False,False,73.3,74.63388183295974,False
2010.0,1,0.0498614958448753,53.0,0.3951197353209674,100.8987451,0.1354796696460852,240.0,26.0,82.0,83.0,-0.2728418207324289,84.0,5.5,-0.7078243437648847,0.0015438008303932,6.1,6.2,0.48,0.4685990338164251,False,False,False,False,False,False,False,False,False,False,False,False,False,False,False,False,False,False,False,False,False,False,False,False,False,False,False,False,False,False,False,False,False,False,False,False,False,False,False,False,False,False,False,False,False,False,False,False,False,False,False,False,False,False,False,False,False,False,False,False,False,False,False,False,False,False,False,False,False,False,False,False,False,False,False,False,False,55.3,63.87466130190295,False
2004.0,1,0.1246537396121883,0.0,-1.170404528710998,1731.073528,0.5782904303777741,23.0,65.9,1.0,98.0,-1.3737369231092875,98.0,0.1,2.268304998128889,0.0098568225419297,3.2,3.0,0.791,0.6956521739130435,False,False,False,False,False,False,False,False,False,False,False,False,False,False,False,False,False,False,False,False,False,False,False,False,False,False,False,False,False,False,False,False,False,False,False,False,False,False,False,False,False,False,False,False,False,False,False,False,False,False,False,False,False,False,False,False,False,False,False,False,False,False,False,False,False,False,False,False,False,False,False,False,False,False,False,False,False,73.5,76.2931754070634,False
2007.0,1,0.2077562326869806,0.0,2.062798926859096,0.0,0.7996958107436184,0.0,41.3,0.0,99.0,0.3955587771392348,99.0,0.1,0.4180398276407497,0.0098568225419297,4.3,4.4,0.707,0.6183574879227054,False,False,False,False,False,False,False,False,False,False,False,False,False,False,False,False,False,False,False,False,False,False,False,False,False,False,False,False,False,False,False,False,False,False,False,False,False,False,False,False,False,False,False,False,False,False,False,False,False,False,False,False,False,False,False,False,False,False,False,False,False,False,False,False,False,False,False,False,False,False,False,False,False,False,False,False,False,73.9,73.06856359016145,False
2014.0,0,0.1329639889196676,0.0,1.9248897747257752,1884.098811,0.6225715064509428,0.0,63.1,0.0,95.0,0.8280532816444294,95.0,0.1,1.4874383483179838,0.0032757465444889,1.5,1.5,0.82,0.7294685990338164,False,False,False,False,False,False,False,False,False,False,False,False,False,False,False,False,False,False,False,False,False,False,False,False,False,False,False,False,False,False,False,False,False,False,False,False,False,False,False,False,False,False,False,False,False,False,False,False,False,False,False,False,False,False,False,False,False,False,False,False,False,False,False,False,False,False,False,False,False,False,False,False,False,False,False,False,False,77.8,78.20316157236569,False
2006.0,0,0.0221606648199446,0.0,1.955536252977624,2724.17807,0.0,0.0,54.7,0.0,97.0,1.0989084258800057,97.0,0.1,2.268304998128889,2.0739504542402855e-05,1.8,1.9,0.858,0.8067632850241545,False,False,False,False,False,False,False,False,False,False,False,False,False,False,False,False,False,False,False,False,False,False,False,False,False,False,False,False,False,False,False,False,False,False,False,False,False,False,False,False,False,False,False,False,False,False,False,False,False,False,False,False,False,False,False,False,False,False,False,True,False,False,False,False,False,False,False,False,False,False,False,False,False,False,False,False,False,78.1,77.79626147167612,False
2015.0,1,0.2285318559556786,3.0,0.0,0.0,0.7111336585972806,17779.0,44.9,3.0,97.0,0.0146969204726966,97.0,0.1,0.4180398276407497,0.0098568225419297,3.3,3.4,0.662,0.6280193236714976,False,False,False,False,False,False,False,False,False,False,False,False,False,False,False,False,False,False,False,False,False,False,False,False,False,False,False,False,False,False,False,False,False,False,False,True,False,False,False,False,False,False,False,False,False,False,False,False,False,False,False,False,False,False,False,False,False,False,False,False,False,False,False,False,False,False,False,False,False,False,False,False,False,False,False,False,False,71.1,73.20821302665554,False
2014.0,0,0.185595567867036,2.0,-1.172958401898652,1.576409172,0.5782904303777741,59.0,59.9,2.0,94.0,-0.1461515113319174,94.0,0.1,-0.9170095772546916,0.0015449477866703,2.6,2.8,0.797,0.7101449275362318,False,False,False,False,False,False,False,False,False,False,False,False,False,False,False,False,False,False,False,False,False,False,False,False,False,False,False,False,False,False,False,False,False,False,False,False,False,False,False,False,False,False,False,False,False,False,False,False,False,False,False,False,False,False,False,False,False,False,False,False,False,False,False,False,False,False,False,False,False,False,False,False,False,False,False,False,False,74.8,73.89923353677956,False
2009.0,1,0.0415512465373961,2.0,1.031034159046839,52.31086276,-0.0859257107197591,0.0,33.0,3.0,74.0,-1.0810386220805197,76.0,8.0,-0.7827367993975806,0.0012263466739033,6.7,6.5,0.652,0.5990338164251208,False,False,False,False,False,False,False,False,False,False,False,False,False,False,False,False,False,False,False,False,False,False,False,False,False,False,False,False,False,False,False,False,False,False,False,False,False,False,False,False,False,False,False,False,False,False,False,False,False,False,False,False,False,False,False,False,False,False,False,False,False,False,False,False,False,False,False,False,False,False,False,False,False,False,False,False,False,61.7,63.111576427587735,False
2002.0,1,0.0443213296398892,19.0,0.3823503693826968,50.28558223,0.0,0.0,35.6,26.0,54.0,-0.1898378249183009,48.0,4.8,-0.8489451096156467,0.0068281761959179,4.6,4.7,0.444,0.3864734299516908,False,False,False,False,False,False,False,False,False,False,False,False,False,False,False,False,False,False,False,False,False,False,False,False,False,False,False,False,False,False,False,False,False,False,False,False,False,False,False,False,False,False,False,False,False,False,False,False,False,False,False,False,False,False,False,False,False,False,False,False,False,False,False,False,False,False,False,False,False,False,False,False,False,False,False,False,False,59.3,62.790789224738276,False
2015.0,1,0.1717451523545706,1.0,0.0,0.0,0.4454472021582674,0.0,54.2,1.0,91.0,0.0146969204726966,91.0,0.5,-0.0317791957207282,0.0022196386336486,1.8,1.7,0.729,0.6183574879227054,False,False,False,False,False,False,False,False,False,False,False,False,False,False,False,False,False,False,False,False,False,False,False,False,False,False,False,False,False,False,False,False,True,False,False,False,False,False,False,False,False,False,False,False,False,False,False,False,False,False,False,False,False,False,False,False,False,False,False,False,False,False,False,False,False,False,False,False,False,False,False,False,False,False,False,False,False,76.2,73.69610935782698,False
2004.0,0,0.1357340720221606,0.0,2.259447162308462,276.0999798,0.5782904303777741,5.0,53.3,1.0,95.0,1.7192540788066482,95.0,0.1,-0.5893962198885013,0.0011468225686308,0.7,0.6,0.792,0.7681159420289855,False,False,False,False,False,False,False,False,False,False,False,False,False,False,False,False,False,False,False,False,False,False,False,False,False,False,False,False,False,False,False,False,False,False,False,False,False,False,False,False,False,False,False,False,False,False,False,False,False,False,False,False,False,False,False,False,False,False,False,False,False,False,False,False,False,False,False,False,False,False,False,False,False,False,False,False,False,78.0,74.801852037975,False
2003.0,1,0.2631578947368421,0.0,0.236779597686413,78.72216127,-0.2187689389392657,0.0,36.0,1.0,91.0,-0.338371291112004,91.0,0.5,-0.7611397066377578,9.92519078156924e-05,6.4,6.9,0.729,0.5797101449275363,False,False,False,False,False,False,False,False,False,False,False,False,False,False,False,False,False,False,False,False,False,False,False,False,False,False,False,False,False,False,False,False,False,False,False,False,False,False,False,False,False,False,False,False,False,False,False,False,False,False,False,False,False,False,False,False,False,False,False,False,False,False,False,False,False,False,False,False,False,False,True,False,False,False,False,False,False,69.3,69.38304491864436,False
2009.0,1,0.2313019390581717,0.0,1.1970359162443551,0.0,0.6225715064509428,0.0,6.7,0.0,97.0,0.6664139213748111,96.0,0.1,0.4180398276407497,0.0098568225419297,2.5,2.5,0.791,0.608695652173913,False,False,False,False,False,False,False,False,False,False,False,False,False,False,False,False,False,False,False,False,False,False,False,False,False,False,False,False,False,False,False,False,False,False,False,False,False,False,False,False,False,False,False,False,False,False,False,False,False,False,False,False,False,False,False,False,False,False,False,False,False,False,False,False,False,False,False,False,False,False,False,False,False,False,False,False,False,74.6,69.29565999056221,False
2003.0,1,0.2534626038781163,0.0,0.1269630506172865,0.0,-2.211417362231865,0.0,42.9,0.0,99.0,-0.8713443168658799,99.0,0.4,0.4180398276407497,0.0098568225419297,3.8,3.8,0.682,0.6280193236714976,False,False,False,False,False,False,False,False,False,False,False,False,False,False,False,False,False,False,False,False,False,False,False,False,False,False,False,False,False,False,False,False,False,False,False,False,False,False,False,False,False,False,False,False,False,False,False,False,False,False,False,False,False,True,False,False,False,False,False,False,False,False,False,False,False,False,False,False,False,False,False,False,False,False,False,False,False,71.0,72.08647501327773,False
2009.0,1,0.0457063711911357,3.0,0.859924655474014,115.0692415,0.0,78.0,21.7,4.0,57.0,-0.2553672952978756,43.0,7.3,-0.6237593049789343,7.657478913123828e-05,9.2,9.2,0.59,0.4396135265700482,False,False,False,False,False,False,False,False,False,False,False,False,False,False,False,False,False,False,False,False,False,False,False,False,False,False,False,False,False,False,False,False,False,False,False,False,False,False,False,False,False,False,False,False,False,False,False,False,False,False,False,False,False,False,False,False,False,False,False,False,False,False,False,False,False,False,False,False,False,False,False,False,False,False,False,False,False,55.7,58.99044802817768,False
2000.0,1,0.2313019390581717,11.0,0.8701401482246305,0.0,-3.362725340134256,22.0,53.4,13.0,86.0,-0.4344811810020471,77.0,0.1,0.4180398276407497,0.0098568225419297,1.8,1.7,0.67,0.5120772946859903,False,False,False,False,False,False,False,False,False,False,False,False,False,False,False,False,False,False,False,False,False,False,False,False,False,False,False,False,False,False,False,False,False,False,False,False,False,False,False,False,False,False,False,False,False,False,False,False,False,False,False,False,False,False,False,False,False,False,False,False,False,False,False,False,False,False,False,False,False,False,False,False,False,False,False,False,False,72.5,72.44091902460165,False
2012.0,0,0.0761772853185595,0.0,1.518823937888773,2159.756205,0.6668525825241117,1.0,58.7,0.0,99.0,0.6707825527334498,99.0,0.1,2.268304998128889,8.774370096481746e-05,0.9,1.0,0.85,0.6666666666666667,False,False,False,False,False,False,False,False,False,False,False,False,False,False,False,False,False,False,False,False,False,False,False,False,False,False,False,False,False,False,False,False,False,False,False,False,False,False,False,False,False,False,False,False,False,False,False,False,False,False,False,False,False,False,False,False,False,False,False,False,False,False,False,False,False,False,False,False,False,False,False,False,False,False,False,False,False,80.0,78.41359379579187,False
2010.0,1,0.46398891966759,52.0,-1.172958401898652,0.0,0.0,115.0,22.0,83.0,49.0,0.0146969204726966,45.0,0.8,0.4180398276407497,0.0098568225419297,7.0,6.8,0.677,0.5793619706663184,False,False,False,False,False,False,False,False,False,False,False,False,False,False,False,False,False,False,False,False,False,False,False,False,False,False,False,False,False,False,False,False,False,False,False,False,False,False,False,False,False,False,False,False,False,False,False,False,False,False,False,False,False,False,False,False,False,False,False,False,True,False,False,False,False,False,False,False,False,False,False,False,False,False,False,False,False,52.4,61.83301691069063,False
2011.0,0,0.0789473684210526,0.0,0.7143538837777303,11477.6671,-1.7243255254270076,26.0,57.7,0.0,98.0,2.5318195115133766,98.0,0.1,2.268304998128889,0.0073030964743414,1.4,1.3,0.901,0.7729468599033816,False,False,False,False,False,False,False,False,False,False,False,False,False,False,False,False,False,False,False,False,False,False,False,False,False,False,False,False,False,False,False,False,False,False,False,False,False,False,False,False,False,False,False,False,False,False,False,False,False,False,False,False,False,False,False,False,False,False,False,False,False,False,False,False,True,False,False,False,False,False,False,False,False,False,False,False,False,81.7,86.02618235792939,False
2014.0,1,0.1828254847645429,1.0,-0.1973788442147844,427.3054534,0.4897282782314363,0.0,53.5,1.0,93.0,-0.2378927698633223,92.0,0.5,-0.0514802115359035,0.0002212396733165,1.8,1.7,0.727,0.6183574879227054,False,False,False,False,False,False,False,False,False,False,False,False,False,False,False,False,False,False,False,False,False,False,False,False,False,False,False,False,False,False,False,False,True,False,False,False,False,False,False,False,False,False,False,False,False,False,False,False,False,False,False,False,False,False,False,False,False,False,False,False,False,False,False,False,False,False,False,False,False,False,False,False,False,False,False,False,False,75.8,73.99637712154681,False
2007.0,1,0.4044321329639889,46.0,-0.0058383551407267,73.92730583,0.3568850500119296,12.0,15.1,83.0,93.0,0.3169234126837451,89.0,1.7,-0.8343009786433639,0.0011015007922886,9.8,9.3,0.334,0.2367149758454106,False,False,False,False,False,False,False,False,False,True,False,False,False,False,False,False,False,False,False,False,False,False,False,False,False,False,False,False,False,False,False,False,False,False,False,False,False,False,False,False,False,False,False,False,False,False,False,False,False,False,False,False,False,False,False,False,False,False,False,False,False,False,False,False,False,False,False,False,False,False,False,False,False,False,False,False,False,55.3,63.574222448084285,False
2007.0,1,0.1052631578947368,0.0,-0.6647376375554853,278.3602806,0.7111336585972806,7.0,57.6,0.0,97.0,-0.9193992618109016,97.0,0.1,-0.3871918631535193,0.0098568225419297,6.1,5.9,0.813,0.6956521739130435,False,False,False,False,False,False,False,False,False,False,False,False,False,False,False,False,False,False,False,False,False,False,False,False,False,False,False,False,False,False,False,False,False,False,False,False,False,False,False,False,False,False,False,False,False,False,False,False,False,False,False,False,False,False,False,False,False,False,False,False,False,False,False,False,False,False,False,False,False,False,False,False,False,False,False,False,False,75.6,73.05887278900444,False
2010.0,1,0.335180055401662,62.0,-0.7234767208715297,172.0097884,-0.2630500150124346,680.0,38.321246556473824,92.0,9.0,0.9023200147412808,9.0,0.3,-0.6553561848076783,0.0265762514232034,4.839703856749312,4.870316804407714,0.461,0.3381642512077294,False,False,False,False,False,False,False,False,False,False,False,False,False,False,False,False,False,False,False,False,False,False,False,False,False,False,False,False,False,False,False,False,False,False,False,False,False,False,False,False,False,False,False,False,False,False,False,False,False,False,False,False,False,False,False,False,False,False,False,False,False,False,False,False,False,False,False,False,False,False,False,False,False,False,False,False,False,62.5,61.135848988220275,False
2000.0,1,0.1149584487534626,1.0,0.9901721880443736,122.1823517,0.3568850500119296,56.0,57.4,1.0,89.0,0.7406806544716628,89.0,0.1,-0.6970872193909801,1.434004499067387e-05,0.9,0.8,0.794,0.6714975845410628,False,False,False,False,False,False,False,False,False,False,False,False,False,False,False,False,False,False,False,False,False,False,False,False,False,False,False,False,False,False,False,False,False,False,False,False,False,False,False,False,False,False,False,False,False,False,False,False,False,False,False,False,False,False,False,False,False,False,False,False,False,False,False,False,False,False,False,False,False,False,False,False,False,False,False,False,False,78.2,73.7179607360443,False
2003.0,0,0.2396121883656509,4.0,1.0667883836739962,375.1740323,0.7554147346704495,9.0,52.9,4.0,97.0,-0.2641045580151525,97.0,0.1,-0.4233178347811604,0.0166743730689843,3.5,4.0,0.722,0.6038647342995169,False,False,False,False,False,False,False,False,False,False,False,False,False,False,False,False,False,False,False,False,False,False,False,False,False,False,False,False,False,False,False,False,False,False,False,False,False,False,False,False,False,False,False,False,False,False,False,False,False,False,False,False,False,False,False,False,False,False,False,False,False,False,False,False,False,False,False,False,False,False,False,False,False,False,False,False,False,71.1,73.88623914679737,False
2002.0,1,0.020775623268698,422.0,-0.4323351774789619,106.3590358,-3.2741631879879183,58341.0,21.9,511.0,86.0,-0.4869047573057071,86.0,0.1,-0.7139508235557739,9.661019854663328e-07,5.5,4.9,0.6,0.4685990338164251,False,False,False,False,False,False,False,False,False,False,False,False,False,False,False,False,False,False,False,False,False,False,False,False,False,False,False,False,False,False,False,False,False,False,False,False,False,False,False,False,False,False,False,False,False,False,False,False,False,False,False,False,False,False,False,False,False,False,False,False,False,False,False,False,False,False,False,False,False,False,False,False,False,False,False,False,False,72.7,72.94268478920021,False
2005.0,1,0.1911357340720221,27.0,-1.172958401898652,0.0,0.5782904303777741,7.0,48.5,32.0,95.0,0.3038175186078299,95.0,0.1,0.4180398276407497,0.0098568225419297,7.4,7.7,0.687,0.5507246376811594,False,False,False,False,False,False,False,False,False,False,False,False,False,False,False,False,False,False,False,False,False,False,False,False,False,False,False,False,False,False,False,False,False,False,False,False,False,False,False,False,False,False,False,False,False,False,False,False,False,False,False,False,False,False,False,False,False,False,False,False,False,False,False,False,False,False,False,False,False,False,False,False,False,False,False,False,False,72.0,71.4314365826818,False
2009.0,0,0.0069252077562326,0.0,1.5826707675801257,230.2524184,0.6668525825241117,0.0,57.3,0.0,99.0,0.6533080272988965,99.0,0.1,-0.3445359718278364,1.533551647649838e-05,0.9,1.0,0.849,0.6811594202898551,False,False,False,False,False,False,False,False,False,False,False,False,False,False,False,False,False,False,False,False,False,False,False,False,False,False,False,False,False,False,False,False,False,False,False,False,False,False,False,False,False,False,False,False,False,False,False,False,False,False,False,False,False,False,False,False,False,False,False,False,False,False,False,False,False,False,False,False,False,False,False,False,False,False,False,False,False,79.3,75.74290294256771,False
2007.0,0,0.3047091412742382,0.0,1.9197820283504663,170.9884138,0.4454472021582674,0.0,57.7,0.0,94.0,0.5222490865397463,94.0,0.1,-0.6611317761885518,1.722830348642402e-05,2.4,2.4,0.814,0.7826086956521738,False,False,False,False,False,False,False,False,False,False,False,False,False,False,False,False,False,False,False,False,False,False,False,False,False,False,False,False,False,False,False,False,False,False,False,False,False,True,False,False,False,False,False,False,False,False,False,False,False,False,False,False,False,False,False,False,False,False,False,False,False,False,False,False,False,False,False,False,False,False,False,False,False,False,False,False,False,78.0,74.73422307679532,False
2000.0,1,0.3005540166204986,0.0,-1.172958401898652,5.34809451,0.0,9.0,54.0,0.0,93.0,-0.2728418207324289,93.0,0.1,-0.9107459604581564,0.0010796777077593,2.5,2.5,0.764,0.6956521739130435,False,False,False,False,False,False,False,False,False,False,False,False,False,False,False,False,False,False,False,False,False,False,False,False,False,False,False,False,False,False,False,False,False,False,False,False,False,False,False,False,False,False,False,False,False,False,False,False,False,False,False,False,False,False,False,False,False,False,False,False,False,False,False,False,False,False,False,False,False,False,False,False,False,False,False,False,False,78.0,72.17880790392091,False
2008.0,0,0.0844875346260387,0.0,0.5866602243950252,8105.590882,0.0,25.0,56.5,0.0,98.0,1.4527675659297103,98.0,0.1,2.268304998128889,0.007125661410809,1.3,1.3,0.897,0.7584541062801932,False,False,False,False,False,False,False,False,False,False,False,False,False,False,False,False,False,False,False,False,False,False,False,False,False,False,False,False,False,False,False,False,False,False,False,False,False,False,False,False,False,False,False,False,False,False,False,False,False,False,False,False,False,False,False,False,False,False,False,False,False,False,False,False,True,False,False,False,False,False,False,False,False,False,False,False,False,81.1,82.62598314768012,False
2013.0,1,0.1662049861495845,6.0,-0.212702083340709,59.12850204,0.2683228978655919,0.0,52.8,8.0,87.0,0.6052530823538748,87.0,0.1,-0.7985838306296528,0.0121044950437654,1.3,1.1,0.725,0.6473429951690821,False,False,False,False,False,False,False,False,False,False,False,False,False,False,False,False,False,False,False,False,False,False,False,False,False,False,False,False,False,False,False,False,False,False,False,False,False,False,False,False,False,False,False,False,False,False,False,False,False,False,False,False,False,False,False,False,False,False,False,False,False,False,False,False,False,False,False,False,False,False,False,False,False,False,False,False,False,76.0,73.16721035206136,False
2001.0,1,0.3282548476454294,14.0,-0.6136601738024032,0.0,-0.1744878628660968,0.0,43.3,19.0,71.0,0.1771272092073184,71.0,0.1,0.4180398276407497,0.0098568225419297,1.5,1.4,0.607,0.6618357487922705,False,False,False,False,False,False,False,True,False,False,False,False,False,False,False,False,False,False,False,False,False,False,False,False,False,False,False,False,False,False,False,False,False,False,False,False,False,False,False,False,False,False,False,False,False,False,False,False,False,False,False,False,False,False,False,False,False,False,False,False,False,False,False,False,False,False,False,False,False,False,False,False,False,False,False,False,False,63.3,69.60302531212282,False
2010.0,1,0.1745152354570637,35.0,0.1550556556814817,1033.039737,0.5340093543046052,0.0,6.1,40.0,95.0,0.2120762600764251,95.0,0.1,0.6818771903121036,0.090673623188352,1.6,1.6,0.739,0.6038647342995169,False,False,False,False,False,False,False,False,False,False,False,False,False,False,False,False,False,False,False,False,False,False,False,False,False,False,False,False,False,False,False,False,False,False,False,False,False,False,False,False,False,False,False,False,False,False,False,False,False,False,False,False,False,False,False,False,False,False,False,False,False,False,False,False,False,False,False,False,False,False,False,False,False,False,False,False,False,75.6,70.6307503113123,False
2009.0,1,0.260387811634349,143.0,-1.155081289585073,125.7980678,0.0469175174997475,20818.0,22.1,174.0,85.0,-1.343156503598819,78.0,0.3,-0.5163332127278831,0.0184984910955462,1.7,1.6,0.645,0.5652173913043478,False,False,False,False,False,False,False,False,False,False,False,False,False,False,False,False,False,False,False,False,False,False,False,False,False,False,False,False,False,False,False,False,False,False,False,False,False,False,False,False,False,False,False,False,False,False,False,False,False,False,False,False,False,False,False,False,False,False,False,False,False,False,False,False,False,False,False,False,False,False,False,False,False,False,False,False,False,67.9,70.05166517275579,False
2012.0,1,0.4792243767313019,26.0,0.0,38.3382324,0.0,1952.0,38.321246556473824,40.0,64.0,-1.3693682917506491,59.0,3.8,-0.7479271098558671,0.001405271853138,4.839703856749312,4.870316804407714,0.419,0.2367149758454106,False,False,False,False,False,False,False,False,False,False,False,False,False,False,False,False,False,False,False,False,False,False,False,False,False,False,False,False,False,False,False,False,False,False,False,False,False,False,False,False,False,False,False,False,False,False,False,False,False,False,False,False,False,False,False,False,False,False,False,False,False,True,False,False,False,False,False,False,False,False,False,False,False,False,False,False,False,56.0,64.87417765459072,False
2007.0,1,0.4127423822714681,236.0,-0.7873235505628823,0.0,-3.2741631879879183,55577.0,17.8,326.0,72.0,-1.0024032576250297,7.0,1.9,0.4180398276407497,0.0098568225419297,11.1,1.9,0.677,0.5793619706663184,False,False,False,False,False,False,False,False,False,False,False,False,False,False,False,False,False,False,False,False,False,False,False,False,False,False,False,False,False,False,False,False,False,False,False,False,False,False,False,False,False,False,False,False,False,False,False,False,False,False,False,False,False,False,False,False,False,False,False,False,False,False,False,False,False,False,False,False,False,False,False,False,False,False,False,False,False,55.7,59.50038478604098,False
2014.0,0,0.0152354570637119,2.0,1.5596859088912385,243.808475,0.6668525825241117,0.0,61.1,2.0,94.0,0.1946017346418718,98.0,0.1,1.6436594356175578,0.0029459935232832,1.9,2.1,0.85,0.7922705314009661,False,False,False,False,False,False,False,False,False,False,False,False,False,False,False,False,False,False,False,False,False,False,False,False,False,False,False,False,False,False,False,False,False,False,False,False,False,False,False,False,False,False,False,False,False,False,False,False,False,False,False,False,False,False,False,False,False,False,False,False,False,False,False,False,False,False,False,False,False,False,False,False,False,False,False,False,False,77.3,76.44627104529808,False
2001.0,1,0.1980609418282548,4.0,-1.0401569961406385,210.2417002,0.6225715064509428,2198.0,27.0,5.0,95.0,-1.0941445161564347,96.0,0.1,-0.2195708647629281,0.0018316234796665,9.7,9.4,0.725,0.5748792270531401,False,False,False,False,False,False,False,False,False,False,False,False,False,False,False,False,False,False,False,False,False,False,False,False,False,False,False,False,False,False,False,False,False,False,False,False,False,False,False,False,False,False,False,False,False,False,False,False,False,False,False,False,False,False,False,False,False,False,False,False,False,False,False,False,False,False,False,False,False,False,False,False,False,False,False,False,False,72.7,67.97797719843577,False
2000.0,1,0.0193905817174515,0.0,1.0182647931085684,397.7533689,0.0,0.0,55.5,0.0,96.0,0.5746726628434063,99.0,0.1,2.268304998128889,0.0004000396457339,0.9,0.9,0.847,0.8357487922705314,False,False,False,False,False,False,False,False,False,False,False,False,False,False,False,False,False,False,False,False,False,False,False,True,False,False,False,False,False,False,False,False,False,False,False,False,False,False,False,False,False,False,False,False,False,False,False,False,False,False,False,False,False,False,False,False,False,False,False,False,False,False,False,False,False,False,False,False,False,False,False,False,False,False,False,False,False,77.5,75.31435294270055,False
2008.0,1,0.1038781163434903,0.0,-0.6647376375554853,231.5478912,0.7111336585972806,2.0,58.5,0.0,97.0,-1.194623037405116,97.0,0.1,-0.4961186795284067,0.0098568225419297,6.0,5.9,0.815,0.6956521739130435,False,False,False,False,False,False,False,False,False,False,False,False,False,False,False,False,False,False,False,False,False,False,False,False,False,False,False,False,False,False,False,False,False,False,False,False,False,False,False,False,False,False,False,False,False,False,False,False,False,False,False,False,False,False,False,False,False,False,False,False,False,False,False,False,False,False,False,False,False,False,False,False,False,False,False,False,False,75.8,73.17569567994686,False
2002.0,1,0.1952908587257618,31.0,-1.172958401898652,0.0,0.7996958107436184,9554.0,46.2,37.0,99.0,-0.2247868757874076,99.0,0.1,0.4180398276407497,0.0098568225419297,7.6,7.7,0.674,0.5748792270531401,False,False,False,False,False,False,False,False,False,False,False,False,False,False,False,False,False,False,False,False,False,False,False,False,False,False,False,False,False,False,False,False,False,False,False,False,False,False,False,False,False,False,False,False,False,False,False,False,False,False,False,False,False,False,False,False,False,False,False,False,False,False,False,False,False,False,False,False,False,False,False,False,False,False,False,False,False,71.2,71.34515036904399,False
2013.0,1,0.1717451523545706,8.0,0.1984714998716014,946.6521165,0.3126039739387607,0.0,54.2,11.0,71.0,-0.2946849775256205,88.0,0.1,0.2572019278893079,0.0027558499677932,1.1,1.1,0.731,0.6473429951690821,False,False,False,False,False,False,False,False,False,False,False,False,False,False,False,False,False,False,False,False,False,False,False,False,False,False,False,False,False,False,False,False,False,False,False,False,False,False,False,False,False,False,False,False,False,False,False,False,False,False,False,False,False,False,False,False,False,False,False,False,False,False,False,False,False,False,False,False,False,False,False,False,False,False,False,False,False,75.3,73.84145952720034,False
2001.0,1,0.0277008310249307,0.0,0.0758855868642046,251.6586929,0.6668525825241117,0.0,41.4,0.0,96.0,-0.6135950667062186,96.0,0.4,-0.3081776219602319,0.0001970461609557,3.7,3.7,0.677,0.5700483091787439,False,False,False,False,False,True,False,False,False,False,False,False,False,False,False,False,False,False,False,False,False,False,False,False,False,False,False,False,False,False,False,False,False,False,False,False,False,False,False,False,False,False,False,False,False,False,False,False,False,False,False,False,False,False,False,False,False,False,False,False,False,False,False,False,False,False,False,False,False,False,False,False,False,False,False,False,False,68.2,71.53572247582615,False
2007.0,1,0.2271468144044321,12.0,0.4078891012592379,520.7639087,0.6668525825241117,3893.0,24.6,14.0,98.0,-1.0242464144182213,98.0,0.4,-0.2093582641093062,0.0511613457865579,8.6,8.8,0.687,0.5942028985507246,False,False,False,False,False,False,False,False,False,False,False,False,False,False,False,False,False,False,False,False,False,False,False,False,False,False,False,False,False,False,False,False,False,False,False,False,False,False,False,False,False,False,False,False,False,False,False,False,False,False,False,False,False,False,False,False,False,False,False,False,False,False,False,False,False,False,False,False,False,False,False,False,False,False,False,False,False,73.3,69.50132089608543,False
2006.0,1,0.0318559556786703,11.0,-0.2331330688419419,0.0,-1.0601093843294744,58.0,15.5,15.0,56.0,-0.7708657956171985,57.0,0.2,0.4180398276407497,0.0098568225419297,9.9,9.9,0.503,0.4347826086956521,False,False,False,False,False,False,False,False,False,False,False,False,False,False,False,False,False,False,False,False,False,False,False,False,False,False,False,False,False,False,False,False,False,False,False,False,True,False,False,False,False,False,False,False,False,False,False,False,False,False,False,False,False,False,False,False,False,False,False,False,False,False,False,False,False,False,False,False,False,False,False,False,False,False,False,False,False,61.5,63.09842060341661,False
2015.0,0,0.0249307479224376,0.0,0.0,0.0,0.6668525825241117,1.0,59.1,0.0,96.0,0.0146969204726966,96.0,0.1,0.4180398276407497,0.0098568225419297,1.2,1.2,0.842,0.7246376811594203,False,False,False,False,False,False,False,False,False,False,False,False,False,False,False,False,False,False,False,False,False,False,False,False,False,False,False,False,False,False,False,False,False,False,False,False,False,False,False,False,False,False,False,False,False,False,False,False,False,False,False,False,False,False,False,False,False,False,False,False,False,False,False,False,False,False,False,False,False,False,False,False,False,False,False,False,False,76.7,75.25391055842904,False
2002.0,1,0.1080332409972299,2.0,0.7909700794073533,3895.856308,0.0,6.0,59.3,2.0,88.0,1.5139284049506463,88.0,0.1,2.268304998128889,2.4212834400551418e-05,0.5,0.4,0.872,0.7632850241545894,False,False,False,False,False,False,False,False,False,False,False,False,False,False,False,False,False,False,False,False,False,False,False,False,False,False,False,False,False,False,False,False,False,False,False,False,False,False,False,False,False,False,False,False,False,False,False,False,False,False,False,False,False,False,False,False,False,False,False,False,False,False,False,False,False,False,False,False,False,False,False,False,False,False,False,False,False,79.5,78.09644261135087,False
2010.0,0,0.1149584487534626,0.0,1.4498693618221117,954.4865933,0.0,5.0,57.0,0.0,9.0,2.562399931023845,9.0,0.1,0.1246589469748041,0.0042876757708562,1.1,0.9,0.906,0.8115942028985508,False,False,False,False,False,False,False,False,False,False,False,False,False,False,False,False,True,False,False,False,False,False,False,False,False,False,False,False,False,False,False,False,False,False,False,False,False,False,False,False,False,False,False,False,False,False,False,False,False,False,False,False,False,False,False,False,False,False,False,False,False,False,False,False,False,False,False,False,False,False,False,False,False,False,False,False,False,79.2,67.08102015216524,False
2014.0,0,0.0914127423822714,0.0,1.1408507061159654,1040.278436,0.5340093543046052,280.0,66.9,0.0,93.0,2.357074257167844,93.0,0.1,-0.1234065946602483,0.0098568225419297,0.4,0.3,0.91,0.927536231884058,False,False,False,False,False,False,False,False,False,False,False,False,False,False,False,False,False,False,False,False,False,False,False,False,False,False,False,False,False,False,False,False,False,False,False,False,False,False,False,False,False,False,False,False,False,False,False,False,False,False,False,False,False,False,False,False,False,False,False,False,False,False,False,False,False,False,False,False,False,False,False,False,False,False,False,False,False,81.5,77.26242917731405,False
2008.0,1,0.3518005540166205,2.0,-1.1448657968344569,93.36788979,0.0026364414265786,0.0,2.6,2.0,81.0,-0.338371291112004,81.0,0.1,-0.7769624607064707,0.0005079339154708,7.2,7.1,0.461,0.4927536231884057,False,False,False,False,False,False,False,False,False,False,False,False,False,False,False,False,False,False,False,False,False,False,False,False,False,False,False,False,False,False,False,False,False,False,False,False,False,False,False,False,False,False,False,False,False,False,False,False,False,False,False,False,False,False,False,False,False,False,False,False,False,False,False,False,False,False,False,False,False,False,False,False,False,False,False,False,False,61.0,64.71431153267791,False
2011.0,1,0.2548476454293629,134.0,-1.155081289585073,211.8783404,0.0026364414265786,21893.0,23.8,161.0,81.0,-1.3955800799024791,81.0,0.3,-0.2697568350881632,0.0189954794619625,1.6,1.5,0.662,0.5942028985507246,False,False,False,False,False,False,False,False,False,False,False,False,False,False,False,False,False,False,False,False,False,False,False,False,False,False,False,False,False,False,False,False,False,False,False,False,False,False,False,False,False,False,False,False,False,False,False,False,False,False,False,False,False,False,False,False,False,False,False,False,False,False,False,False,False,False,False,False,False,False,False,False,False,False,False,False,False,68.3,70.6024363169147,False
2011.0,1,0.2437673130193905,1.0,1.2378978872468211,0.0,0.6668525825241117,0.0,5.9,1.0,96.0,-1.8761295293526952,93.0,0.1,0.4180398276407497,0.0098568225419297,2.8,3.0,0.677,0.5793619706663184,False,False,False,False,False,False,False,False,False,False,False,False,False,False,False,False,False,False,False,False,False,False,False,False,False,False,False,False,False,False,False,False,False,False,False,False,False,False,False,False,False,False,False,False,False,False,False,False,False,False,False,False,False,False,False,False,False,False,False,False,False,False,False,False,False,False,False,False,False,False,False,False,False,False,False,False,False,77.0,69.0712302101659,False
2007.0,1,0.0013850415512465,0.0,-0.9584330541357072,28.90135229,-3.1856010358415805,0.0,43.8,0.0,93.0,0.2251821541523402,9.0,0.1,-0.8929468910020772,3.807214704325724e-05,1.2,1.2,0.482,0.4347826086956521,False,False,False,False,False,False,False,False,False,False,False,False,False,False,False,False,False,False,False,False,False,False,False,False,False,False,False,False,False,False,False,False,False,False,False,False,False,False,False,False,False,False,False,False,False,False,False,False,False,False,False,False,False,False,False,False,False,False,False,False,False,False,False,False,False,False,False,False,False,False,False,False,False,False,False,False,False,67.6,67.25633113187426,False
2002.0,1,0.296398891966759,4.0,-0.3301802499727978,0.0,0.7996958107436184,2.0,36.5,5.0,99.0,-0.2073123503528542,98.0,0.1,0.4180398276407497,0.0098568225419297,3.5,3.5,0.601,0.5845410628019323,False,False,False,False,False,False,False,False,False,False,False,False,False,False,False,False,False,False,False,False,False,False,False,False,False,False,False,False,False,False,False,False,False,False,False,True,False,False,False,False,False,False,False,False,False,False,False,False,False,False,False,False,False,False,False,False,False,False,False,False,False,False,False,False,False,False,False,False,False,False,False,False,False,False,False,False,False,66.7,71.38735508199399,False
2015.0,1,0.0429362880886426,3.0,0.0,0.0,-2.8756335033293983,1250.0,24.5,4.0,17.0,0.0146969204726966,16.0,4.2,-0.6784382535403943,0.0009084102393022,8.4,8.3,0.582,0.4444444444444444,False,False,False,False,False,False,False,False,False,False,False,False,False,False,False,False,False,False,False,False,False,False,False,False,False,False,False,False,False,False,False,False,False,False,False,False,False,False,False,False,False,False,False,False,False,False,False,False,False,False,False,False,False,False,False,False,False,False,False,False,False,False,False,False,False,False,False,False,False,False,False,False,False,False,False,False,False,58.2,58.11947557607341,False
2012.0,1,0.0941828254847645,1.0,1.2659904923110166,0.0,0.7996958107436184,2.0,3.4,2.0,99.0,0.5222490865397463,99.0,0.1,0.4180398276407497,0.0098568225419297,1.5,1.0,0.677,0.5793619706663184,False,False,False,False,False,False,False,False,False,False,False,False,False,False,False,False,False,False,False,False,False,False,False,False,False,False,False,False,False,False,False,False,False,False,False,False,False,False,False,False,False,False,False,False,False,False,False,False,False,False,True,False,False,False,False,False,False,False,False,False,False,False,False,False,False,False,False,False,False,False,False,False,False,False,False,False,False,81.2,69.70823999363547,False
2007.0,1,0.1689750692520776,38.0,0.190809880308639,105.7476131,0.7554147346704495,0.0,57.9,45.0,98.0,0.0067505862204238,98.0,0.1,-0.7524150135369967,0.0864362264563458,1.7,1.7,0.731,0.5942028985507246,False,False,False,False,False,False,False,False,False,False,False,False,False,False,False,False,False,False,False,False,False,False,False,False,False,False,False,False,False,False,False,False,False,False,False,False,False,False,False,False,False,False,False,False,False,False,False,False,False,False,False,False,False,False,False,False,False,False,False,False,False,False,False,False,False,False,False,False,False,False,False,False,False,False,False,False,False,76.0,75.14105744057512,False
2015.0,1,0.2313019390581717,0.0,0.0,0.0,0.7554147346704495,0.0,37.4,0.0,97.0,0.0146969204726966,97.0,0.1,-0.6441007172453261,7.217554713021878e-05,5.7,6.0,0.781,0.6811594202898551,False,False,False,False,False,False,False,False,False,False,False,False,False,False,False,False,False,False,False,False,False,False,False,False,False,False,False,False,False,False,False,False,False,False,False,False,False,False,False,False,False,False,False,False,False,False,False,False,False,False,False,False,False,False,False,False,False,False,False,False,False,False,False,False,False,False,False,False,False,False,False,False,False,False,False,False,False,73.2,71.42627694261613,False
2007.0,1,0.1814404432132964,1.0,-0.1565168732123187,44.57219966,0.1797607457192541,1.0,49.7,1.0,9.0,-0.696599062520347,88.0,0.1,-0.3582831429762832,0.0002267031732647,2.0,2.1,0.707,0.5652173913043478,False,False,False,False,False,False,False,False,False,False,False,False,False,False,False,False,False,False,False,False,False,False,False,False,False,False,False,False,False,False,False,False,False,False,False,False,False,False,False,False,False,False,False,False,False,False,False,False,False,False,False,False,False,False,False,False,False,False,False,False,False,False,False,False,False,False,False,False,False,False,False,False,False,False,False,False,False,73.5,68.68585396450912,False
2008.0,1,0.2299168975069252,32.0,-1.132096430896186,192.1562998,-0.6615796996709544,5494.0,54.5,38.0,71.0,-0.8626070541486032,69.0,0.1,-0.1112410345820872,0.0224996519327766,5.4,5.1,0.638,0.497584541062802,False,False,False,False,False,False,False,False,False,False,False,False,False,False,False,False,False,False,False,False,False,False,False,False,False,False,False,False,False,False,False,True,False,False,False,False,False,False,False,False,False,False,False,False,False,False,False,False,False,False,False,False,False,False,False,False,False,False,False,False,False,False,False,False,False,False,False,False,False,False,False,False,False,False,False,False,False,69.3,70.42270751921647,False
2002.0,1,0.3601108033240997,3.0,-1.052926362078909,5.649123424,0.0,0.0,12.6,4.0,38.0,-0.8800815795831565,54.0,0.1,-0.9105159283756687,0.0007139810554047,12.1,12.1,0.475,0.4734299516908213,False,False,False,False,False,False,False,False,False,False,False,False,False,False,False,False,False,False,False,False,False,False,False,False,False,False,False,False,False,False,False,False,False,False,False,False,False,False,False,False,False,False,False,False,False,False,False,False,False,False,False,False,False,False,False,False,False,False,False,False,False,False,False,False,False,False,False,True,False,False,False,False,False,False,False,False,False,62.0,60.296579920767655,False
2006.0,1,0.1772853185595568,0.0,-0.0901161703333121,26.45133197,0.6225715064509428,0.0,24.9,0.0,97.0,-0.3471085538292805,96.0,0.6,-0.8773358398951148,3.768647913065908e-05,8.3,8.3,0.596,0.5748792270531401,False,False,False,False,False,False,False,False,False,False,True,False,False,False,False,False,False,False,False,False,False,False,False,False,False,False,False,False,False,False,False,False,False,False,False,False,False,False,False,False,False,False,False,False,False,False,False,False,False,False,False,False,False,False,False,False,False,False,False,False,False,False,False,False,False,False,False,False,False,False,False,False,False,False,False,False,False,72.1,68.27459577867477,False
2011.0,1,0.1551246537396122,0.0,0.4998285360147855,666.7374371,0.4454472021582674,5.0,59.7,0.0,95.0,0.4436137220842566,95.0,0.1,0.3886586200223857,4.826645519389799e-06,1.9,2.0,0.792,0.7294685990338164,False,False,False,False,False,False,False,False,False,False,False,False,False,False,False,False,False,False,False,False,False,False,False,False,False,False,False,False,False,False,False,False,False,False,False,False,False,False,False,False,False,False,False,False,False,False,False,False,False,False,False,False,False,False,False,False,False,False,False,False,False,False,False,False,False,False,False,False,False,False,False,False,False,False,False,False,False,75.4,75.53924307910505,False
2000.0,1,0.1592797783933518,4.0,1.4626387277603825,0.0,0.5340093543046052,32647.0,24.7,4.0,99.0,-0.7315481133894532,97.0,0.1,0.4180398276407497,0.0098568225419297,1.6,1.1,0.677,0.5793619706663184,False,False,False,False,False,False,False,False,False,False,False,False,False,False,False,False,False,False,False,False,False,False,False,False,False,False,False,False,False,False,False,False,False,False,False,False,False,False,False,False,False,False,False,False,False,False,False,False,False,False,True,False,False,False,False,False,False,False,False,False,False,False,False,False,False,False,False,False,False,False,False,False,False,False,False,False,False,76.0,71.19931148279726,False
2015.0,1,0.0249307479224376,21.0,0.0,0.0,0.6225715064509428,63.0,59.5,24.0,95.0,0.0146969204726966,95.0,0.1,-0.1806771778552666,0.0308159436135271,6.0,5.8,0.743,0.6956521739130435,False,False,False,False,False,False,False,False,False,False,False,False,False,False,False,False,False,False,False,False,False,False,False,False,False,False,False,False,False,False,False,False,False,False,False,False,False,False,False,False,False,False,False,False,False,False,False,False,False,False,False,False,False,False,False,False,False,False,False,False,False,False,False,False,False,False,False,False,False,False,False,False,False,False,False,False,False,75.6,74.13255994063032,False
2008.0,1,0.0152354570637119,3.0,-0.8256316483776938,53.08451654,0.7996958107436184,2.0,54.7,3.0,99.0,-0.1199397231800876,99.0,0.1,-0.8420170150601679,0.0001138470037305,6.3,6.3,0.701,0.6908212560386474,False,False,False,False,False,False,False,False,False,False,False,False,False,False,False,False,False,False,False,False,False,False,False,False,False,False,False,False,False,False,False,False,False,False,False,False,False,False,False,False,False,False,False,False,False,False,False,False,False,False,False,False,False,False,False,False,False,False,False,False,False,False,False,False,False,False,False,False,False,False,False,False,False,False,False,False,False,74.7,72.66288403524736,False
2008.0,1,0.6537396121883656,50.0,0.9161098656024044,780.0336423,-0.2187689389392657,39.0,45.7,75.0,77.0,0.8062101248512378,79.0,23.5,0.1148641103158361,0.0383021096900446,8.9,1.7,0.616,0.6231884057971014,False,False,False,False,False,False,False,False,False,False,False,False,False,False,False,False,False,False,False,False,False,False,False,False,False,False,False,False,False,False,False,False,False,False,False,False,False,False,False,False,False,False,False,False,False,False,False,False,False,False,False,False,False,False,False,False,False,False,False,False,False,False,False,False,False,False,False,False,False,False,False,False,False,False,False,False,False,55.3,54.50337673262091,False
2010.0,1,0.1011080332409972,2.0,1.1817126771184312,0.0,0.5782904303777741,114.0,29.5,2.0,95.0,0.3868215144219584,94.0,0.1,0.4180398276407497,0.0098568225419297,1.5,1.0,0.677,0.5793619706663184,False,False,False,False,False,False,False,False,False,False,False,False,False,False,False,False,False,False,False,False,False,False,False,False,False,False,False,False,False,False,False,False,False,False,False,False,False,False,False,False,False,False,False,False,False,False,False,False,False,False,True,False,False,False,False,False,False,False,False,False,False,False,False,False,False,False,False,False,False,False,False,False,False,False,False,False,False,87.0,72.05361488894421,False
2011.0,0,0.0069252077562326,2.0,0.607091209896258,5439.691769,0.6668525825241117,5189.0,61.5,2.0,96.0,1.470242091364263,96.0,0.1,2.268304998128889,0.0458932565818634,0.5,0.5,0.872,0.7922705314009661,False,False,False,False,False,False,False,False,False,False,False,False,False,False,False,False,False,False,False,False,False,False,False,False,False,False,False,False,False,False,False,False,False,False,False,False,False,False,False,False,False,False,False,False,False,False,False,False,False,False,False,False,False,False,False,False,False,False,False,False,False,False,False,False,False,False,False,False,False,False,False,False,False,False,False,False,False,82.0,81.05542893771225,False
2003.0,1,0.1163434903047091,0.0,-0.9201249563208956,4049.972347,0.5340093543046052,24.0,64.7,0.0,93.0,-0.7708657956171985,92.0,0.1,2.268304998128889,0.0098568225419297,4.8,4.5,0.815,0.6183574879227054,False,False,False,False,False,False,False,False,False,False,False,False,False,False,False,False,False,False,False,False,False,False,False,False,False,False,False,False,False,False,False,False,False,False,False,False,False,False,False,False,False,False,False,False,False,False,False,False,False,False,False,False,False,False,False,False,False,False,False,False,False,False,False,False,False,False,False,False,False,False,False,False,False,False,False,False,False,76.5,77.36089051120048,False
2001.0,1,0.3767313019390582,25.0,-0.7387999599974543,27.68971051,0.0,3761.0,12.4,33.0,59.0,-0.0893593036696192,6.0,2.2,-0.86180026736717,0.0009602582277766,11.6,11.8,0.412,0.3671497584541062,False,False,False,False,False,False,False,False,False,False,False,False,False,False,False,False,False,False,False,False,False,False,False,False,False,False,False,False,False,False,False,False,False,False,False,False,False,False,False,False,False,False,False,False,False,False,False,False,False,False,False,False,False,False,False,False,False,False,False,False,False,False,False,False,False,False,False,False,False,False,False,False,False,False,False,False,False,58.5,57.37806396120838,False
2003.0,1,0.6038781163434903,74.0,-0.7949851701258445,35.85204668,-0.3516121671587723,65.0,15.5,115.0,75.0,-0.6354382234994101,73.0,14.5,-0.8411673061759849,0.0026384770782565,8.8,8.8,0.45,0.3961352657004831,False,False,False,False,False,False,False,False,False,False,False,False,False,False,False,False,False,False,False,False,False,False,False,False,False,False,False,False,False,False,False,False,False,False,False,False,False,False,False,False,False,False,False,False,False,False,False,False,False,False,False,False,False,False,False,False,False,False,False,False,False,False,False,False,False,False,False,False,False,False,False,False,False,False,False,False,False,52.4,53.333077247139,False
2012.0,1,0.0152354570637119,1.0,0.5994295903332957,201.7490628,0.1797607457192541,0.0,55.6,1.0,87.0,0.5877785569193215,85.0,0.1,-0.6351008060590901,0.002916008036299,1.9,1.9,0.765,0.6183574879227054,False,False,False,False,False,False,False,False,False,False,False,False,False,False,False,False,False,False,False,False,False,False,False,False,False,False,False,False,False,False,False,False,False,False,False,False,False,False,False,False,False,False,False,False,False,False,False,False,False,True,False,False,False,False,False,False,False,False,False,False,False,False,False,False,False,False,False,False,False,False,False,False,False,False,False,False,False,77.2,73.64363256057014,False
2006.0,1,0.2409972299168975,55.0,-1.129542557708532,0.0,0.7554147346704495,953.0,54.2,66.0,98.0,-0.2903163461669822,98.0,0.1,0.4180398276407497,0.0098568225419297,3.2,3.1,0.636,0.5555555555555556,False,False,False,False,False,False,False,False,False,False,False,False,False,False,False,False,False,False,True,False,False,False,False,False,False,False,False,False,False,False,False,False,False,False,False,False,False,False,False,False,False,False,False,False,False,False,False,False,False,False,False,False,False,False,False,False,False,False,False,False,False,False,False,False,False,False,False,False,False,False,False,False,False,False,False,False,False,69.5,74.03890204425842,False
2014.0,1,0.1689750692520776,1.0,1.1459584524912736,8.617208431,0.4897282782314363,37.0,59.4,1.0,93.0,-1.980976681960015,93.0,0.1,-0.9080931618619604,0.0005514834743308,2.1,2.1,0.771,0.6908212560386474,False,False,False,False,False,False,False,False,False,False,False,False,False,False,False,False,False,False,False,False,False,False,False,False,False,False,False,False,False,False,False,False,False,False,False,False,False,False,False,False,False,False,False,False,False,False,False,False,False,False,False,False,False,False,False,False,False,False,False,False,False,False,False,False,False,False,False,False,False,False,False,False,False,False,False,False,False,75.4,74.87731185902764,False
2007.0,1,0.518005540166205,87.0,0.4461971990740493,184.8213446,-0.3516121671587723,1014.0,18.8,138.0,75.0,-1.1028817788737113,73.0,2.6,-0.4047542083760471,0.0023168308120312,9.6,9.6,0.454,0.3719806763285024,False,True,False,False,False,False,False,False,False,False,False,False,False,False,False,False,False,False,False,False,False,False,False,False,False,False,False,False,False,False,False,False,False,False,False,False,False,False,False,False,False,False,False,False,False,False,False,False,False,False,False,False,False,False,False,False,False,False,False,False,False,False,False,False,False,False,False,False,False,False,False,False,False,False,False,False,False,48.2,62.00702278576104,False
2013.0,0,0.1066481994459833,0.0,1.258328872748054,259.7786785,0.0,1.0,58.9,0.0,95.0,1.47897935408154,95.0,0.1,-0.5054553033584843,0.0002008866095683,1.4,1.4,0.878,0.8115942028985508,False,False,False,False,False,False,False,False,False,False,False,False,False,False,False,False,False,False,False,False,False,False,False,False,False,False,False,False,False,False,False,False,False,False,False,False,False,False,False,False,False,False,False,False,False,False,False,False,False,False,False,False,False,False,False,False,False,False,False,True,False,False,False,False,False,False,False,False,False,False,False,False,False,False,False,False,False,85.0,75.49433823935114,False
2001.0,1,0.3060941828254848,1800.0,-0.9201249563208956,19.00340606,0.0,51780.0,11.8,2400.0,58.0,-0.6135950667062186,59.0,0.3,-0.8392996314609874,0.1325320506652323,15.35,15.599999999999998,0.494,0.4009661835748792,False,False,False,False,False,False,False,False,False,False,False,False,False,False,False,False,False,False,False,False,False,False,False,False,False,False,False,False,False,False,False,False,False,False,False,False,False,False,False,False,False,False,False,False,False,False,False,False,False,False,False,False,False,False,False,False,False,False,False,False,False,False,False,False,False,False,False,False,False,False,False,False,False,False,False,False,False,62.9,61.88497431915066,False
2015.0,1,0.1343490304709141,0.0,0.0,0.0,0.7111336585972806,0.0,54.5,0.0,97.0,0.0146969204726966,97.0,0.1,1.8609882610495243,0.0098568225419297,3.8,3.7,0.794,0.7391304347826088,False,False,False,False,False,False,False,False,False,False,False,False,False,False,False,False,False,False,False,False,False,False,False,False,False,False,False,False,False,False,False,False,False,False,False,False,False,False,False,False,False,False,False,False,False,False,False,False,False,False,False,False,False,False,False,False,False,False,False,False,False,False,False,False,False,False,False,False,False,False,False,False,False,False,False,False,False,75.5,74.46569142355442,False
2005.0,1,0.0373961218836565,14.0,-0.5753520759875916,41.50845637,0.2683228978655919,0.0,43.8,18.0,87.0,0.3868215144219584,87.0,0.4,-0.8695544277260815,0.0001078896324473,1.4,1.4,0.567,0.4637681159420289,False,False,False,False,False,False,False,False,False,False,False,False,False,False,False,False,False,False,False,False,False,False,False,False,False,False,False,True,False,False,False,False,False,False,False,False,False,False,False,False,False,False,False,False,False,False,False,False,False,False,False,False,False,False,False,False,False,False,False,False,False,False,False,False,False,False,False,False,False,False,False,False,False,False,False,False,False,69.2,71.26497597794152,False
2004.0,0,0.0941828254847645,1.0,1.3374989415653311,588.568371,0.6225715064509428,70.0,6.9,1.0,92.0,1.1644378962595807,92.0,0.1,-0.2986879071107111,1.6416004937043928e-05,0.7,0.6,0.908,1.0,False,False,False,False,False,False,False,False,False,False,False,False,False,False,False,False,False,False,False,False,False,False,False,False,False,False,False,False,False,False,False,False,False,False,False,False,False,False,False,False,False,False,False,False,False,False,False,False,False,False,False,False,False,False,False,False,False,False,False,False,False,False,False,False,False,False,False,False,False,False,False,False,False,False,False,False,False,86.0,69.48674849315525,False
2013.0,1,0.3130193905817174,1.0,-1.172958401898652,241.1958645,0.7554147346704495,0.0,5.4,1.0,98.0,-0.7402853761067301,98.0,0.1,-0.1355345213288841,0.0002217265887172,2.2,2.3,0.72,0.7101449275362318,False,False,False,False,False,False,False,False,False,False,False,False,False,False,False,False,False,False,False,False,False,False,False,False,False,False,False,False,False,False,False,False,False,False,False,False,False,False,False,False,False,False,False,True,False,False,False,False,False,False,False,False,False,False,False,False,False,False,False,False,False,False,False,False,False,False,False,False,False,False,False,False,False,False,False,False,False,68.1,68.7622411143878,False
2015.0,1,0.0290858725761772,28.0,0.0,0.0,-0.5287364714514479,3.0,2.5,38.0,71.0,0.0146969204726966,69.0,0.3,-0.9117235722195534,0.001873042976869,7.1,7.1,0.511,0.497584541062802,False,False,False,False,False,False,False,False,False,False,False,False,False,False,False,False,False,False,False,False,False,False,False,False,False,False,False,False,False,False,False,False,False,False,False,False,False,False,False,False,False,False,False,False,False,False,False,False,False,False,False,False,False,False,False,False,False,False,False,False,False,False,False,False,False,False,False,False,False,False,False,False,False,False,False,False,False,65.5,64.18119733587669,False
2013.0,1,0.185595567867036,104.0,-1.172958401898652,52.82986467,0.6668525825241117,237.0,17.0,130.0,96.0,-1.3213133468056275,96.0,0.1,-0.7491005203511474,0.1217839241649822,15.35,15.599999999999998,0.565,0.4830917874396135,False,False,False,False,False,False,False,False,False,False,False,False,False,False,False,False,False,False,False,False,False,False,False,False,False,False,False,False,False,False,False,False,False,False,False,False,False,False,False,False,False,False,False,False,False,False,False,False,False,False,False,False,False,False,False,False,False,False,False,False,False,False,False,False,False,False,False,False,False,False,False,False,False,False,False,False,False,71.0,66.69686570302186,False
2009.0,0,0.1080332409972299,2.0,1.6899334414615976,7641.270645,0.3126039739387607,574.0,59.5,3.0,95.0,2.4007605707542274,96.0,0.1,2.268304998128889,0.0006331469158399,1.1,1.1,0.906,0.8067632850241545,False,False,False,False,False,False,False,False,False,False,False,False,False,False,False,False,False,False,False,False,False,False,False,False,False,True,False,False,False,False,False,False,False,False,False,False,False,False,False,False,False,False,False,False,False,False,False,False,False,False,False,False,False,False,False,False,False,False,False,False,False,False,False,False,False,False,False,False,False,False,False,False,False,False,False,False,False,80.0,82.84888953864056,False
2001.0,1,0.445983379501385,2.0,-0.932894322259166,92.4978948,0.0,79.0,28.6,2.0,49.0,-0.233524138504684,53.0,4.3,-0.7795970353292415,0.0005662725635244,6.3,6.1,0.363,0.1400966183574879,False,False,False,False,False,False,False,False,False,False,False,False,False,False,False,False,False,False,False,False,False,False,False,False,False,False,False,False,False,False,False,False,False,False,False,False,False,False,False,False,False,False,False,False,False,False,False,False,False,False,False,False,False,False,False,False,False,False,False,False,False,False,False,False,False,False,False,False,False,False,False,False,False,False,False,False,False,57.7,61.494330815032285,False
2015.0,1,0.0872576177285318,1.0,0.0,0.0,0.7554147346704495,7.0,31.7,2.0,98.0,0.0146969204726966,98.0,0.1,0.4180398276407497,0.0098568225419297,1.5,1.0,0.677,0.5793619706663184,False,False,False,False,False,False,False,False,False,False,False,False,False,False,False,False,False,False,False,False,False,False,False,False,False,False,False,False,False,False,False,False,False,False,False,False,False,False,False,False,False,False,False,False,False,False,False,False,False,False,True,False,False,False,False,False,False,False,False,False,False,False,False,False,False,False,False,False,False,False,False,False,False,False,False,False,False,82.3,72.36576707744392,False
2008.0,1,0.3988919667590028,177.0,-0.8869246048813922,38.55783268,-1.2815147646953189,3511.0,14.9,270.0,63.0,-0.7097049565962616,54.0,2.4,-0.8610575502332078,0.0642920451796279,11.2,1.9,0.378,0.3671497584541062,False,False,False,False,False,False,False,False,False,False,False,False,False,False,False,False,False,False,False,False,False,True,False,False,False,False,False,False,False,False,False,False,False,False,False,False,False,False,False,False,False,False,False,False,False,False,False,False,False,False,False,False,False,False,False,False,False,False,False,False,False,False,False,False,False,False,False,False,False,False,False,False,False,False,False,False,False,59.8,58.80784496423483,False
2014.0,1,0.221606648199446,53.0,-1.1218809381455697,0.0,0.5782904303777741,1314.0,6.2,62.0,94.0,-0.1155710918214494,94.0,0.1,0.4180398276407497,0.0098568225419297,2.8,2.8,0.686,0.6328502415458936,False,False,False,False,False,False,False,False,False,False,False,False,False,False,False,False,False,False,True,False,False,False,False,False,False,False,False,False,False,False,False,False,False,False,False,False,False,False,False,False,False,False,False,False,False,False,False,False,False,False,False,False,False,False,False,False,False,False,False,False,False,False,False,False,False,False,False,False,False,False,False,False,False,False,False,False,False,78.0,69.14136278119246,False
2013.0,1,0.502770083102493,48.0,-1.172958401898652,63.07890158,0.3568850500119296,760.0,27.8,73.0,88.0,-0.7053363252376235,89.0,4.0,-0.6752159959375814,0.0167372771285804,5.8,5.8,0.501,0.5024154589371981,False,False,False,False,False,False,False,False,False,False,False,False,False,False,False,False,False,False,False,False,False,False,False,False,False,False,False,False,False,False,False,False,False,False,False,False,False,False,False,False,False,False,False,False,False,False,False,False,False,False,False,False,False,False,False,False,False,False,False,False,False,False,False,False,False,False,False,False,False,False,False,False,False,False,False,False,False,56.4,65.42836494219428,False
2014.0,1,0.1731301939058172,4.0,-1.0427108693282925,721.3655432,0.6668525825241117,221.0,39.5,4.0,97.0,-0.7577599015412835,97.0,0.1,1.0793748615330088,0.0002494730377398,7.6,7.4,0.783,0.6280193236714976,False,False,False,False,False,False,False,False,False,False,False,False,False,False,False,False,False,False,False,False,False,False,False,False,False,False,False,False,False,False,False,False,False,False,False,False,False,False,False,False,False,False,False,False,False,False,False,False,False,False,False,False,False,False,False,False,False,False,False,False,False,False,False,False,False,False,False,False,False,False,False,False,False,False,False,False,False,74.8,71.83991303318474,False
2004.0,1,0.2271468144044321,5.0,-0.4042425724147668,188.2499208,0.5340093543046052,0.0,42.0,7.0,94.0,0.8673709638721743,94.0,1.2,-0.701607583283922,0.0005596582428911,2.6,2.5,0.571,0.5024154589371981,False,False,False,False,False,False,False,False,False,False,False,False,False,False,False,False,False,False,False,False,False,False,False,False,False,False,False,False,False,True,False,False,False,False,False,False,False,False,False,False,False,False,False,False,False,False,False,False,False,False,False,False,False,False,False,False,False,False,False,False,False,False,False,False,False,False,False,False,False,False,False,False,False,False,False,False,False,72.2,70.9968117437699,False
2007.0,1,0.0152354570637119,1.0,1.0335880322344932,106.164686,0.5782904303777741,44.0,49.9,1.0,88.0,0.9896926419140476,98.0,0.1,-0.473859145479333,3.462509515911337e-07,2.7,2.9,0.722,0.6038647342995169,False,False,False,False,False,False,False,False,False,False,False,False,False,False,False,False,False,False,False,False,False,False,False,False,False,False,False,False,False,False,False,False,False,False,False,False,False,False,False,False,False,False,False,False,False,False,False,False,False,False,False,False,False,False,False,False,False,False,False,False,False,False,False,False,False,False,False,False,False,False,False,False,False,False,False,False,False,74.4,73.35216158220733,False
2006.0,1,0.3379501385041551,1.0,-1.1014499526443369,169.2023968,0.6225715064509428,2.0,17.4,1.0,96.0,-0.2772104520910676,95.0,0.3,-0.6805568557213678,0.0005195263664148,15.35,15.599999999999998,0.0,0.4637681159420289,False,False,False,False,False,False,False,False,False,False,False,False,False,False,False,False,False,False,False,False,False,False,False,False,False,False,False,False,False,False,False,False,False,False,False,False,False,False,False,False,False,False,False,False,False,False,False,False,False,False,False,False,False,False,False,False,False,False,False,False,False,False,False,False,False,False,False,False,False,False,False,False,False,False,False,False,False,65.8,65.30147593250966,False
2012.0,1,0.0138504155124653,0.0,-1.172958401898652,648.1331781,-3.1856010358415805,0.0,6.2,0.0,94.0,0.5877785569193215,94.0,0.1,0.2578457929151765,4.812733650799084e-06,1.9,1.9,0.797,0.7294685990338164,False,False,False,False,False,False,False,False,False,False,False,False,False,False,False,False,False,False,False,False,False,False,False,False,False,False,False,False,False,False,False,False,False,False,False,False,False,False,False,False,False,False,False,False,False,False,False,False,False,False,False,False,False,False,False,False,False,False,False,False,False,False,False,False,False,False,False,False,False,False,False,False,False,False,False,False,False,75.6,68.88375572680717,False
2011.0,0,0.020775623268698,25.0,1.0386957786098012,0.0,0.4454472021582674,220.0,67.5,29.0,94.0,2.562399931023845,96.0,0.1,0.4180398276407497,0.0098568225419297,0.7,0.6,0.677,0.5793619706663184,False,False,False,False,False,False,False,False,False,False,False,False,False,False,False,False,False,False,False,False,False,False,False,False,False,False,False,False,False,False,False,False,False,False,False,False,False,False,False,False,False,False,False,False,False,False,False,False,False,False,False,False,False,False,False,False,False,False,False,False,False,False,False,False,False,False,False,False,False,False,False,False,False,False,False,False,False,78.7,76.85541693658534,False
2014.0,1,0.2534626038781163,957.0,-0.3914732064764963,86.52153895,-0.0859257107197591,79563.0,18.1,1200.0,84.0,-0.5305910708920902,85.0,0.2,-0.6380865751341718,1.0,15.35,15.599999999999998,0.607,0.5603864734299516,False,False,False,False,False,False,False,False,False,False,False,False,False,False,False,False,False,False,False,False,False,False,False,False,False,False,False,False,False,False,False,False,False,False,False,False,False,False,False,False,False,False,False,False,False,False,False,False,False,False,False,False,False,False,False,False,False,False,False,False,False,False,False,False,False,False,False,False,False,False,False,False,False,False,False,False,False,68.0,73.0766445273237,False
2015.0,1,0.3434903047091412,54.0,0.0,0.0,0.3568850500119296,95.0,22.0,75.0,83.0,0.0146969204726966,89.0,2.8,-0.6779631124231573,0.0365080086067475,7.8,7.6,0.55,0.536231884057971,False,False,False,False,False,False,False,False,False,False,False,False,False,False,False,False,False,False,False,False,False,False,False,False,False,False,False,False,False,False,False,False,False,False,False,False,False,False,False,False,False,False,False,False,False,False,False,False,False,False,False,False,False,False,False,False,False,False,False,False,False,False,False,False,False,False,False,False,False,False,False,False,False,False,False,False,False,63.4,66.00731386033827,False
2013.0,1,0.0083102493074792,0.0,-0.7541231991233789,3.968695982,0.7996958107436184,0.0,62.2,0.0,99.0,-0.5305910708920902,99.0,0.1,-0.8743169880160472,0.0098568225419297,6.1,6.0,0.815,0.7004830917874396,False,False,False,False,False,False,False,False,False,False,False,False,False,False,False,False,False,False,False,False,False,False,False,False,False,False,False,False,False,False,False,False,False,False,False,False,False,False,False,False,False,False,False,False,False,False,False,False,False,False,False,False,False,False,False,False,False,False,False,False,False,False,False,False,False,False,False,False,False,False,False,False,False,False,False,False,False,76.7,73.77265729595563,False
2009.0,1,0.4293628808864266,6.0,-1.0146182642640975,1.575160196,0.4897282782314363,82.0,15.5,9.0,92.0,-1.137830829742818,92.0,1.0,-0.9113846035189748,0.0003333438290653,9.0,8.9,0.402,0.251207729468599,False,False,False,False,False,False,False,False,False,False,False,False,False,False,False,False,False,False,False,False,True,False,False,False,False,False,False,False,False,False,False,False,False,False,False,False,False,False,False,False,False,False,False,False,False,False,False,False,False,False,False,False,False,False,False,False,False,False,False,False,False,False,False,False,False,False,False,False,False,False,False,False,False,False,False,False,False,61.4,66.00716219659394,False
2002.0,1,0.3628808864265928,2.0,-0.5549210904863588,55.60878216,0.7554147346704495,1205.0,39.8,2.0,98.0,-0.0413043587245978,98.0,0.1,-0.817072900728483,0.0018886327713881,2.4,2.5,0.599,0.4879227053140096,False,False,False,False,False,False,False,False,False,False,False,False,False,False,False,False,False,False,False,False,False,False,False,False,False,False,False,False,False,False,False,False,False,False,False,False,False,False,False,False,False,False,False,True,False,False,False,False,False,False,False,False,False,False,False,False,False,False,False,False,False,False,False,False,False,False,False,False,False,False,False,False,False,False,False,False,False,63.8,71.69186093249807,False
2010.0,1,0.3947368421052631,10.0,-0.9737562932616316,18.99961966,-1.104390460402643,0.0,44.9,14.0,72.0,-0.7533912701826452,67.0,1.1,-0.6749417047710514,0.0005550874211774,1.4,1.3,0.485,0.4637681159420289,False,False,False,False,False,False,False,False,False,False,False,False,False,False,False,False,False,False,False,False,False,False,False,False,False,False,False,False,False,False,False,False,False,False,False,False,False,False,False,False,False,False,False,False,False,False,False,False,False,False,False,False,False,False,False,False,False,False,False,False,False,False,False,False,False,False,False,False,False,False,False,False,False,False,False,False,False,61.8,69.13759286790211,False
2012.0,1,0.3296398891966759,13.0,-1.172958401898652,9.774676411,0.7554147346704495,75.0,19.5,18.0,98.0,0.7756297053407694,98.0,0.7,-0.797902254280887,0.0013825452700319,6.1,6.1,0.475,0.5072463768115942,False,False,False,False,False,False,False,False,False,False,False,False,False,False,False,False,False,False,False,False,False,False,False,False,False,False,False,False,False,False,False,False,False,False,False,False,False,False,False,False,False,False,False,False,False,False,False,False,False,False,False,False,False,False,False,False,False,False,False,False,False,False,False,False,False,False,False,False,False,False,False,False,False,False,False,False,False,64.6,68.29300425525726,False
2009.0,1,0.3850415512465374,1.0,-1.050372488891255,177.2671607,0.3568850500119296,48.0,31.7,2.0,89.0,1.0770652690868137,89.0,3.2,-0.6951744638024369,6.465154486740699e-05,5.7,5.6,0.436,0.2560386473429951,False,False,False,False,False,False,False,False,False,False,False,False,False,False,False,False,False,False,False,False,False,False,False,False,False,False,False,False,False,False,False,False,False,False,False,False,False,False,False,False,False,False,False,False,False,False,False,False,False,False,False,False,False,False,False,False,False,False,False,False,False,False,False,False,False,False,False,False,False,False,False,False,False,False,False,False,False,69.0,67.13687191978595,False
2012.0,1,0.0249307479224376,1100.0,-0.3838115869135339,64.96964491,-0.3516121671587723,18668.0,17.0,1400.0,79.0,-0.6616500116512404,82.0,0.2,-0.6606266777372242,0.0976658141319018,15.35,15.599999999999998,0.59,0.5458937198067633,False,False,False,False,False,False,False,False,False,False,False,False,False,False,False,False,False,False,False,False,False,False,False,False,False,False,False,False,False,False,False,False,False,False,False,False,False,False,False,False,False,False,False,False,False,False,False,False,False,False,False,False,False,False,False,False,False,False,False,False,False,False,False,False,False,False,False,False,False,False,False,False,False,False,False,False,False,67.3,71.92131899940908,False
2006.0,1,0.5083102493074793,8.0,-0.6008908078641327,0.0,0.0,126.0,22.3,12.0,73.0,-1.5441135460961823,73.0,5.5,0.4180398276407497,0.0098568225419297,8.7,8.3,0.507,0.4637681159420289,False,False,False,False,False,False,False,False,False,False,False,True,False,False,False,False,False,False,False,False,False,False,False,False,False,False,False,False,False,False,False,False,False,False,False,False,False,False,False,False,False,False,False,False,False,False,False,False,False,False,False,False,False,False,False,False,False,False,False,False,False,False,False,False,False,False,False,False,False,False,False,False,False,False,False,False,False,56.9,62.09942948868458,False
2013.0,1,0.3559556786703601,58.0,-0.705599608557951,165.9304977,0.5340093543046052,190.0,2.7,81.0,94.0,-0.1461515113319174,87.0,3.0,-0.6995602419952613,0.0346458199789055,7.9,7.7,0.541,0.536231884057971,False,False,False,False,False,False,False,False,False,False,False,False,False,False,False,False,False,False,False,False,False,False,False,False,False,False,False,False,False,False,False,False,False,False,False,False,False,False,False,False,False,False,False,False,False,False,False,False,False,False,False,False,False,False,False,False,False,False,False,False,False,False,False,False,False,False,False,False,False,False,False,False,False,False,False,False,False,62.6,63.77764724027939,False
2008.0,1,0.5443213296398892,46.0,-1.0605879816418713,49.09198224,-2.8313524272562294,63.0,16.4,80.0,3.0,-1.3038388213710743,19.0,4.7,-0.7530528481393614,0.0086051298964309,9.8,9.7,0.338,0.2898550724637681,False,False,False,False,False,False,False,False,False,False,False,False,False,False,False,False,False,False,False,False,False,False,False,False,False,False,False,False,False,False,False,False,False,False,False,False,False,False,False,False,False,False,False,False,False,False,False,False,False,False,False,False,False,False,False,False,False,False,False,False,False,False,False,False,False,False,False,False,False,False,False,False,False,False,False,False,False,49.6,53.30877697122854,False
2008.0,1,0.1343490304709141,1.0,-0.7490154527480707,69.13924862,0.0026364414265786,24.0,62.5,1.0,75.0,1.2212301039218785,81.0,0.1,-0.7918302318268392,0.0003177416684408,4.7,4.7,0.74,0.6328502415458936,False,False,False,False,False,False,False,False,False,False,False,False,False,False,False,False,False,False,False,False,False,False,False,False,False,False,False,False,False,False,False,False,False,False,False,False,False,False,False,False,False,False,False,False,False,False,False,False,False,False,False,False,False,False,False,False,False,False,False,False,False,False,False,False,False,False,False,False,False,False,False,False,False,False,False,False,False,74.5,71.80204315443699,False
2000.0,0,0.0013850415512465,0.0,1.3451605611282935,373.2605532,0.7554147346704495,19.0,56.9,0.0,92.0,0.2426566795868935,94.0,0.1,-0.3299649543348535,0.0027047006642747,3.4,3.4,0.745,0.6763285024154589,False,False,False,False,False,False,False,False,False,False,False,False,False,False,False,False,False,False,False,False,False,False,False,False,False,False,False,False,False,False,False,False,False,False,False,False,False,False,False,True,False,False,False,False,False,False,False,False,False,False,False,False,False,False,False,False,False,False,False,False,False,False,False,False,False,False,False,False,False,False,False,False,False,False,False,False,False,71.6,73.80102688340342,False
2008.0,1,0.2022160664819944,144.0,-1.172958401898652,42.48865034,0.6668525825241117,2660.0,14.0,186.0,96.0,-1.3344192408815423,96.0,0.1,-0.8091638516062922,0.011504945290572,15.35,15.599999999999998,0.52,0.4154589371980676,False,False,False,False,False,False,False,False,False,False,False,False,False,False,False,False,False,False,False,False,False,False,False,False,False,False,False,False,False,False,False,False,False,False,False,False,False,False,False,False,False,False,False,False,False,False,False,False,False,False,False,False,False,False,False,False,False,False,False,False,False,False,False,False,False,False,False,False,False,False,False,False,False,False,False,False,False,69.1,65.76775406993063,False
2007.0,1,0.7728531855955679,37.0,-0.8741552389431217,4.269511381,0.2683228978655919,143.0,16.6,59.0,88.0,1.4877166167988172,87.0,19.3,-0.9134453268760082,0.0010703907625934,7.1,7.0,0.387,0.4685990338164251,False,False,False,False,False,False,False,False,False,False,False,False,False,False,False,False,False,False,False,False,False,False,False,False,False,False,False,False,False,False,False,False,False,False,False,False,False,False,False,False,False,False,False,False,False,False,False,False,False,False,False,False,False,False,False,False,False,False,False,False,False,False,False,False,False,False,False,False,False,False,False,False,False,False,False,False,False,48.5,52.92496364285982,False
2005.0,1,0.260387811634349,0.0,0.3874581157580051,1187.949491,0.6225715064509428,0.0,37.6,0.0,95.0,-0.2597359266565142,95.0,0.5,1.282944201572361,0.001002350131961,6.3,6.7,0.745,0.5942028985507246,False,False,False,False,False,False,False,False,False,False,False,False,False,False,False,False,False,False,False,False,False,False,False,False,False,False,False,False,False,False,False,False,False,False,False,False,False,False,False,False,False,False,False,False,False,False,False,False,False,False,False,False,False,False,False,False,False,False,False,False,False,False,False,False,False,False,False,False,False,False,True,False,False,False,False,False,False,69.5,71.78571738754464,False
2008.0,1,0.2368421052631579,54.0,-1.1142193185826073,0.0,0.7111336585972806,668.0,55.5,65.0,97.0,-0.473798863229792,97.0,0.1,0.4180398276407497,0.0098568225419297,3.1,3.0,0.651,0.5748792270531401,False,False,False,False,False,False,False,False,False,False,False,False,False,False,False,False,False,False,True,False,False,False,False,False,False,False,False,False,False,False,False,False,False,False,False,False,False,False,False,False,False,False,False,False,False,False,False,False,False,False,False,False,False,False,False,False,False,False,False,False,False,False,False,False,False,False,False,False,False,False,False,False,False,False,False,False,False,69.8,74.21660085251854,False
2004.0,1,0.167590027700831,1.0,0.2699799491259164,882.356362,0.5782904303777741,0.0,57.7,1.0,95.0,2.483764566568355,94.0,0.1,-0.1834245874094892,0.0002569537586336,1.7,1.6,0.75,0.748792270531401,False,False,False,False,False,False,False,False,False,False,False,False,False,False,False,False,False,False,False,False,False,False,False,False,False,False,False,False,False,False,False,False,False,False,False,False,False,False,False,False,False,False,False,False,False,False,False,False,False,False,False,False,False,False,False,False,False,False,False,False,False,False,False,False,False,False,False,False,False,False,False,False,False,False,False,False,False,75.4,74.85836176176123,False
2009.0,1,0.1620498614958448,23.0,-0.8179700288147315,106.9482898,0.5782904303777741,4.0,61.1,27.0,96.0,0.3911901457805966,96.0,0.1,-0.7518506376630938,0.055136716338066,4.9,4.8,0.709,0.6038647342995169,False,False,False,False,False,False,False,False,False,False,False,False,False,False,False,False,False,False,False,False,False,False,False,False,False,False,False,False,False,False,False,False,False,False,False,False,False,False,False,False,False,False,False,False,False,False,False,False,False,False,False,False,False,False,False,False,False,False,False,False,False,False,False,False,False,False,False,False,False,False,False,False,False,False,False,False,False,73.9,73.88178868238627,False
2005.0,1,0.3060941828254848,12.0,-0.4451045434172325,0.0,0.1797607457192541,0.0,46.0,16.0,84.0,-0.1024651977455343,85.0,0.2,0.4180398276407497,0.0098568225419297,1.3,1.2,0.622,0.6956521739130435,False,False,False,False,False,False,False,True,False,False,False,False,False,False,False,False,False,False,False,False,False,False,False,False,False,False,False,False,False,False,False,False,False,False,False,False,False,False,False,False,False,False,False,False,False,False,False,False,False,False,False,False,False,False,False,False,False,False,False,False,False,False,False,False,False,False,False,False,False,False,False,False,False,False,False,False,False,65.7,71.67607348294693,False
2010.0,1,0.1260387811634349,231.0,0.2929648078148033,5.660754839,0.7996958107436184,38159.0,28.1,268.0,99.0,-0.4432184437193239,99.0,0.1,-0.8376245795628563,0.0001033659565106,4.2,3.6,0.691,0.6038647342995169,False,False,False,False,False,False,False,False,False,False,False,False,False,False,False,False,False,False,False,False,False,False,False,False,False,False,False,False,False,False,False,False,False,False,False,False,False,False,False,False,False,False,False,False,False,False,False,False,False,False,False,False,False,False,False,False,False,False,False,False,False,False,False,False,False,False,False,False,False,False,False,False,False,False,False,False,False,75.0,74.85152692331978,False
2004.0,1,0.2950138504155125,7.0,0.1422862897432112,182.6162515,0.0469175174997475,0.0,47.2,8.0,66.0,-0.7097049565962616,79.0,2.1,-0.4863972261863339,0.0007056130664474,3.6,3.5,0.666,0.6038647342995169,False,False,False,False,False,False,False,False,False,False,False,False,False,False,False,False,False,True,False,False,False,False,False,False,False,False,False,False,False,False,False,False,False,False,False,False,False,False,False,False,False,False,False,False,False,False,False,False,False,False,False,False,False,False,False,False,False,False,False,False,False,False,False,False,False,False,False,False,False,False,False,False,False,False,False,False,False,69.3,68.94269306594363,False
2000.0,1,0.2132963988919667,0.0,-0.2842105325950239,122.5744699,0.0,2.0,21.5,0.0,9.0,-0.4781674945884306,9.0,0.8,-0.6977262296632385,3.3655128765705166e-05,9.6,9.5,0.0,0.5458937198067633,False,False,False,False,False,False,False,False,False,False,True,False,False,False,False,False,False,False,False,False,False,False,False,False,False,False,False,False,False,False,False,False,False,False,False,False,False,False,False,False,False,False,False,False,False,False,False,False,False,False,False,False,False,False,False,False,False,False,False,False,False,False,False,False,False,False,False,False,False,False,False,False,False,False,False,False,False,69.9,57.933137507435745,False
2000.0,1,0.5443213296398892,62.0,-0.1769478587135516,4.720593531,0.0,14629.0,2.9,100.0,57.0,-0.622332329423495,62.0,7.7,-0.9069778608928292,0.0118051479571278,7.7,7.8,0.433,0.3333333333333333,False,False,False,False,False,False,False,False,False,False,False,False,False,False,False,False,False,False,False,False,False,False,False,False,False,False,False,False,False,False,False,False,False,False,False,False,False,False,False,False,False,False,False,False,False,False,False,False,False,False,False,False,False,False,False,False,False,False,False,False,False,False,False,False,False,False,False,False,False,False,False,False,False,False,False,False,False,51.4,55.204909767932676,False
2009.0,1,0.1149584487534626,1.0,-0.7336922136221461,292.4022672,0.5340093543046052,0.0,55.1,1.0,94.0,-0.6135950667062186,93.0,0.1,-0.3165230284778265,0.0098568225419297,5.1,4.9,0.831,0.6376811594202898,False,False,False,False,False,False,False,False,False,False,False,False,False,False,False,False,False,False,False,False,False,False,False,False,False,False,False,False,False,False,False,False,False,False,False,False,False,False,False,False,False,False,False,False,False,False,False,False,False,False,False,False,False,False,False,False,False,False,False,False,False,False,False,False,False,False,False,False,False,False,False,False,False,False,False,False,False,76.0,72.86837874767495,False
2000.0,1,0.9196675900277008,24.0,-0.7464615795604167,0.0,-0.0859257107197591,1483.0,25.5,39.0,78.0,0.5222490865397463,78.0,43.5,-0.8213902935863886,0.0094463264884002,11.0,11.2,0.434,0.4734299516908213,False,False,False,False,False,False,False,False,False,False,False,False,False,False,False,False,False,False,False,False,False,False,False,False,False,False,False,False,False,False,False,False,False,False,False,False,False,False,False,False,False,False,False,False,False,False,False,False,False,False,False,False,False,False,False,False,False,False,False,False,False,False,False,False,False,False,False,False,False,False,False,False,False,False,False,False,True,46.0,35.256226991843306,False
2011.0,1,0.5789473684210527,60.0,-0.3761499673505717,0.0,-0.83870400396363,628.0,25.6,83.0,58.0,0.2251821541523402,62.0,3.3,0.4180398276407497,0.0098568225419297,6.1,6.0,0.677,0.5793619706663184,False,False,False,False,False,False,False,False,False,False,False,False,False,False,True,False,False,False,False,False,False,False,False,False,False,False,False,False,False,False,False,False,False,False,False,False,False,False,False,False,False,False,False,False,False,False,False,False,False,False,False,False,False,False,False,False,False,False,False,False,False,False,False,False,False,False,False,False,False,False,False,False,False,False,False,False,False,51.7,63.63818291393601,False
2008.0,1,0.2368421052631579,4.0,-0.6391989056789442,17.81424344,0.7554147346704495,33.0,18.5,4.0,98.0,-1.0766699907218813,98.0,0.1,-0.8737262220253235,1.528991646278437e-05,15.35,15.4,0.731,0.6425120772946861,False,False,False,False,False,False,False,False,False,False,False,False,False,False,False,False,False,False,False,False,False,False,False,False,False,False,False,False,False,False,False,False,False,False,False,False,False,False,False,False,False,False,False,False,False,False,False,False,False,False,False,False,False,False,False,False,False,False,False,False,False,False,False,False,False,False,False,False,False,False,False,False,False,False,False,False,False,72.3,66.1009098087277,False
2009.0,1,0.4030470914127424,238.0,-0.631537286115982,0.0,-0.3958932432319412,57.0,18.6,323.0,78.0,-0.1286769858973641,72.0,1.7,0.4180398276407497,0.0098568225419297,1.6,1.4,0.677,0.5793619706663184,False,False,False,False,False,False,False,False,False,False,False,False,False,False,False,False,False,False,False,False,False,False,False,False,False,False,False,False,False,False,False,False,False,False,False,False,False,False,False,False,False,False,False,False,False,False,False,False,False,False,False,False,False,False,False,False,False,False,False,False,False,False,False,False,False,False,False,False,False,False,False,False,False,False,False,False,False,56.7,66.42166460711697,False
2006.0,1,0.5470914127423823,549.0,1.2915292241875576,10.35779424,-2.3885416665245405,704.0,19.9,879.0,46.0,-0.980560100831838,4.0,5.3,-0.8978053685499517,0.0110224198573189,12.6,12.6,0.466,0.4347826086956521,False,False,False,False,False,False,False,False,False,False,False,False,False,False,False,False,False,False,False,False,False,False,False,False,False,False,False,False,False,False,False,False,False,False,False,False,False,False,False,False,False,False,False,False,False,False,False,False,False,False,False,False,False,False,False,False,False,False,False,False,False,False,False,False,False,False,False,False,False,False,False,False,False,False,False,False,False,49.8,42.35469683645154,False
2013.0,1,0.2728531855955678,4.0,0.9799566952937568,52.42529588,-1.547201221134332,0.0,6.1,5.0,72.0,0.7712610739821312,76.0,0.2,-0.8424132045562249,0.0003515544650505,2.3,2.4,0.744,0.7342995169082125,False,False,False,False,False,False,False,False,False,False,False,False,False,False,False,False,False,False,False,False,False,False,False,False,False,False,False,False,False,False,False,False,False,False,False,False,False,False,False,False,False,False,False,False,False,False,False,False,False,False,False,False,False,False,False,False,False,False,False,False,False,False,False,False,False,False,False,False,False,False,False,False,False,False,False,False,False,71.0,66.8575494292193,False
2014.0,1,0.203601108033241,2.0,-0.2688872934690994,473.1238124,0.7554147346704495,0.0,53.2,3.0,99.0,1.527034299026562,98.0,0.1,-0.5661872077567279,0.0004745206986422,1.8,1.7,0.636,0.5603864734299516,False,False,False,False,False,False,False,False,False,False,False,False,False,False,False,False,False,False,False,False,False,False,False,False,False,False,False,False,False,False,False,False,False,False,False,False,False,False,False,False,False,False,False,False,False,False,False,True,False,False,False,False,False,False,False,False,False,False,False,False,False,False,False,False,False,False,False,False,False,False,False,False,False,False,False,False,False,74.5,74.68491440290997,False
2013.0,1,0.0304709141274238,29.0,-0.9533253077603988,79.50882493,-0.3073310910856034,6.0,19.5,40.0,73.0,-0.76649716425856,74.0,0.4,-0.8366933298138712,0.0177462207133718,7.3,7.2,0.508,0.497584541062802,False,False,False,False,False,False,False,False,False,False,False,False,False,False,False,False,False,False,False,False,False,False,False,False,False,False,False,False,False,False,False,False,False,False,False,False,False,False,False,False,False,False,False,False,False,False,False,False,False,False,False,False,False,False,False,False,False,False,False,False,False,False,False,False,False,False,False,False,False,False,False,False,False,False,False,False,False,64.7,65.78695325828856,False
2013.0,1,0.113573407202216,20.0,-1.172958401898652,0.0,0.7996958107436184,189.0,57.2,23.0,98.0,0.2557625736628086,98.0,0.1,0.4180398276407497,0.0098568225419297,8.2,8.3,0.769,0.7246376811594203,False,False,False,False,False,False,False,False,False,False,False,False,False,False,False,False,False,False,False,False,False,False,False,False,False,False,False,False,False,False,False,False,False,False,False,False,False,False,False,False,False,False,False,False,False,False,False,False,False,False,False,False,False,False,False,False,False,False,False,False,False,False,False,False,False,False,False,False,False,False,False,False,False,False,False,False,False,75.3,73.00033638919446,False
2009.0,0,0.1800554016620498,0.0,1.5392549233900057,0.0,0.7996958107436184,0.0,55.3,0.0,99.0,1.4178185150606035,99.0,0.1,0.4180398276407497,0.0098568225419297,1.3,1.4,0.82,0.7198067632850241,False,False,False,False,False,False,False,False,False,False,False,False,False,False,False,False,False,False,False,False,False,False,False,False,False,False,False,False,False,False,False,False,False,False,False,False,False,False,False,False,False,False,False,False,False,False,False,False,False,False,False,False,False,False,False,False,False,False,False,False,False,False,False,False,False,False,False,False,False,False,False,False,False,False,False,False,False,75.0,75.36281929735462,False
2002.0,1,0.1883656509695291,30.0,-0.657076017992523,0.0,0.0,6755.0,1.0,39.0,92.0,-0.5262224395334519,75.0,0.2,0.4180398276407497,0.0098568225419297,15.35,15.599999999999998,0.584,0.5169082125603864,False,False,False,False,False,False,False,False,False,False,False,False,False,False,False,False,False,False,False,False,False,False,False,False,False,False,False,False,False,False,False,False,False,False,False,False,False,False,False,False,False,False,False,False,False,False,False,False,False,False,False,False,False,False,False,False,False,False,False,False,False,False,False,False,False,False,False,False,False,False,False,False,False,False,False,False,False,73.8,62.328234377597354,False
2011.0,1,0.1966759002770083,0.0,1.4881774596369233,0.0,0.7996958107436184,0.0,44.5,0.0,99.0,0.7319433917543863,99.0,0.1,0.4180398276407497,0.0098568225419297,4.3,4.3,0.733,0.6231884057971014,False,False,False,False,False,False,False,False,False,False,False,False,False,False,False,False,False,False,False,False,False,False,False,False,False,False,False,False,False,False,False,False,False,False,False,False,False,False,False,False,False,False,False,False,False,False,False,False,False,False,False,False,False,False,False,False,False,False,False,False,False,False,False,False,False,False,False,False,False,False,False,False,False,False,False,False,False,74.6,73.4566961995912,False
2006.0,1,0.3254847645429363,23.0,-1.0886805867060665,10.43022617,0.3568850500119296,3.0,19.9,38.0,89.0,-0.2029437189942156,89.0,0.7,-0.90314940205274,0.008931983065917,11.2,11.1,0.422,0.3188405797101449,False,False,False,False,False,False,False,False,False,False,False,False,False,False,False,False,False,False,False,False,False,False,False,False,False,False,False,False,False,False,False,False,False,False,False,False,False,False,False,False,False,False,False,False,False,False,False,False,False,False,False,False,False,False,False,False,True,False,False,False,False,False,False,False,False,False,False,False,False,False,False,False,False,False,False,False,False,61.3,64.92468681435453,False
2003.0,0,0.1177285318559556,4.0,1.850827452283806,0.0,0.0,460.0,59.5,4.0,91.0,0.8324219130030676,91.0,0.1,0.4180398276407497,0.0098568225419297,0.7,0.5,0.677,0.5793619706663184,False,False,False,False,False,False,False,False,False,False,False,False,False,False,False,False,False,False,False,False,False,False,False,False,False,False,False,False,False,False,False,False,False,False,False,False,False,False,False,False,False,False,False,False,False,False,False,False,False,False,False,False,False,False,False,False,False,False,False,False,False,False,False,False,False,False,False,False,False,False,False,False,True,False,False,False,False,78.3,75.04927688199287,False
2002.0,1,0.0193905817174515,1.0,-0.2229175760913255,104.5169157,0.6668525825241117,16.0,46.9,1.0,98.0,0.1727585778486802,98.0,0.1,-0.6594370036297139,2.6873092827731514e-06,2.0,2.1,0.67,0.5169082125603864,False,False,False,False,False,False,False,False,False,False,False,False,False,False,False,False,False,False,False,False,False,False,False,False,False,False,False,False,False,False,False,False,False,False,False,False,False,False,False,False,False,False,False,False,False,False,False,False,False,False,False,False,False,False,False,False,False,False,False,False,False,False,False,False,False,False,False,False,False,False,False,False,False,False,False,False,False,73.3,72.77892602101763,False
2010.0,1,0.2465373961218836,0.0,0.4845052968888609,1389.772683,-3.1856010358415805,0.0,42.0,0.0,91.0,-0.2684731893737907,9.0,0.4,2.062224147423906,1.0238362401178009e-05,5.9,6.3,0.772,0.6038647342995169,False,False,False,False,False,False,False,False,False,False,False,False,False,False,False,False,False,False,False,False,False,False,False,False,False,False,False,False,False,False,False,False,False,False,False,False,False,False,False,False,False,False,False,False,False,False,False,False,False,False,False,False,False,False,False,False,False,False,False,False,False,False,False,False,False,False,False,False,False,False,True,False,False,False,False,False,False,74.0,68.1230001543269,False
2007.0,1,0.3157894736842105,4.0,-0.4680894021061194,0.0,0.5782904303777741,40.0,39.0,4.0,94.0,0.421770565291065,94.0,0.1,0.4180398276407497,0.0098568225419297,3.3,3.4,0.618,0.608695652173913,False,False,False,False,False,False,False,False,False,False,False,False,False,False,False,False,False,False,False,False,False,False,False,False,False,False,False,False,False,False,False,False,False,False,False,True,False,False,False,False,False,False,False,False,False,False,False,False,False,False,False,False,False,False,False,False,False,False,False,False,False,False,False,False,False,False,False,False,False,False,False,False,False,False,False,False,False,67.2,71.62342418094526,False
2003.0,1,0.2077562326869806,0.0,0.6530609272740318,1158.065259,0.7996958107436184,0.0,4.1,0.0,99.0,-0.6004891726303035,99.0,0.1,0.821307126449526,0.0098568225419297,3.5,3.5,0.0,0.0,False,False,False,False,False,False,False,False,False,False,False,False,False,False,False,False,False,False,False,False,False,False,False,False,False,False,False,False,False,False,False,False,False,False,False,False,False,False,False,False,False,False,False,False,False,False,False,False,False,False,False,False,False,False,False,False,False,False,False,False,False,False,False,False,False,False,False,False,False,False,False,False,False,False,False,False,False,74.2,69.48120463075166,False
2002.0,0,0.1191135734072022,4.0,1.7461186515899876,0.0,0.0,314.0,58.8,4.0,91.0,0.727574760395748,91.0,0.1,0.4180398276407497,0.0098568225419297,0.7,0.5,0.677,0.5793619706663184,False,False,False,False,False,False,False,False,False,False,False,False,False,False,False,False,False,False,False,False,False,False,False,False,False,False,False,False,False,False,False,False,False,False,False,False,False,False,False,False,False,False,False,False,False,False,False,False,False,False,False,False,False,False,False,False,False,False,False,False,False,False,False,False,False,False,False,False,False,False,False,False,True,False,False,False,False,78.2,74.85978956609146,False
2015.0,1,0.1620498614958448,6.0,0.0,0.0,-0.130206786792928,0.0,54.2,7.0,84.0,0.0146969204726966,78.0,0.1,-0.8074046000316735,0.0124776585051452,1.2,1.1,0.739,0.6763285024154589,False,False,False,False,False,False,False,False,False,False,False,False,False,False,False,False,False,False,False,False,False,False,False,False,False,False,False,False,False,False,False,False,False,False,False,False,False,False,False,False,False,False,False,False,False,False,False,False,False,False,False,False,False,False,False,False,False,False,False,False,False,False,False,False,False,False,False,False,False,False,False,False,False,False,False,False,False,76.2,72.9561987862733,False
2006.0,0,0.1551246537396122,28.0,1.028480285859185,0.0,0.5340093543046052,55.0,64.4,33.0,93.0,2.562399931023845,96.0,0.1,0.4180398276407497,0.0098568225419297,0.7,0.6,0.677,0.5793619706663184,False,False,False,False,False,False,False,False,False,False,False,False,False,False,False,False,False,False,False,False,False,False,False,False,False,False,False,False,False,False,False,False,False,False,False,False,False,False,False,False,False,False,False,False,False,False,False,False,False,False,False,False,False,False,False,False,False,False,False,False,False,False,False,False,False,False,False,False,False,False,False,False,False,False,False,False,False,77.8,76.12555577633073,False
2004.0,0,0.2271468144044321,4.0,1.3323911951900231,431.3250367,0.7996958107436184,117.0,53.4,4.0,97.0,-0.2073123503528542,97.0,0.1,-0.284294528531628,0.0165796347896447,3.4,3.9,0.733,0.6231884057971014,False,False,False,False,False,False,False,False,False,False,False,False,False,False,False,False,False,False,False,False,False,False,False,False,False,False,False,False,False,False,False,False,False,False,False,False,False,False,False,False,False,False,False,False,False,False,False,False,False,False,False,False,False,False,False,False,False,False,False,False,False,False,False,False,False,False,False,False,False,False,False,False,False,False,False,False,False,71.7,74.234308694094,False
2015.0,1,0.2188365650969529,51.0,0.0,0.0,0.5340093543046052,5432.0,61.1,60.0,93.0,0.0146969204726966,93.0,0.1,0.4180398276407497,0.0098568225419297,2.8,2.8,0.688,0.6328502415458936,False,False,False,False,False,False,False,False,False,False,False,False,False,False,False,False,False,False,True,False,False,False,False,False,False,False,False,False,False,False,False,False,False,False,False,False,False,False,False,False,False,False,False,False,False,False,False,False,False,False,False,False,False,False,False,False,False,False,False,False,False,False,False,False,False,False,False,False,False,False,False,False,False,False,False,False,False,79.0,75.51731080246681,False
2002.0,1,0.2562326869806094,27.0,-0.8000929165011528,24.99438738,-0.83870400396363,25.0,35.9,32.0,99.0,-0.2029437189942156,99.0,0.2,-0.8506988342372523,0.0019531884789385,3.3,3.3,0.6,0.5314009661835749,False,False,False,False,False,False,False,False,False,False,False,False,False,False,False,False,False,False,False,False,False,False,False,False,False,False,False,False,False,False,False,False,False,False,False,False,False,False,False,False,False,False,False,False,False,False,False,False,False,False,False,False,False,False,False,False,False,False,False,False,False,False,False,False,False,False,False,False,False,False,False,False,False,True,False,False,False,67.1,71.27504607424889,False
2011.0,1,0.3407202216066482,14.0,0.954417963417216,9.074569426,0.7111336585972806,31.0,18.9,20.0,93.0,0.7887355994166845,97.0,1.3,-0.8088886338960882,0.0001171974454161,6.3,6.2,0.464,0.4927536231884057,False,False,False,False,False,False,False,False,False,False,False,False,False,False,False,False,False,False,False,False,False,False,False,False,False,False,False,False,False,False,False,False,False,False,False,False,False,False,False,False,False,False,False,False,False,False,False,False,False,False,False,False,False,False,False,False,False,False,False,False,False,False,False,False,False,False,False,False,False,False,False,False,False,False,False,False,False,63.8,68.26257812858587,False
2003.0,1,0.1897506925207756,3.0,-1.052926362078909,264.2496129,0.6225715064509428,632.0,28.8,4.0,96.0,-0.8538697914313266,96.0,0.1,-0.1215428991205395,0.0019081202077573,9.3,9.1,0.724,0.5845410628019323,False,False,False,False,False,False,False,False,False,False,False,False,False,False,False,False,False,False,False,False,False,False,False,False,False,False,False,False,False,False,False,False,False,False,False,False,False,False,False,False,False,False,False,False,False,False,False,False,False,False,False,False,False,False,False,False,False,False,False,False,False,False,False,False,False,False,False,False,False,False,False,False,False,False,False,False,False,73.1,68.5013786483148,False
2014.0,1,0.167590027700831,31.0,0.1678250216197521,168.173753,0.1354796696460852,3.0,62.8,36.0,87.0,0.1727585778486802,87.0,0.1,-0.6596809505757997,0.0009600595972084,1.6,1.5,0.754,0.6328502415458936,False,False,False,False,False,False,False,False,False,False,False,False,False,False,False,False,False,False,False,False,False,False,False,False,False,False,False,False,False,False,False,False,False,False,False,False,False,False,False,False,False,False,False,False,False,False,False,False,False,False,False,False,False,False,False,False,False,False,False,False,False,False,False,False,False,False,False,False,False,False,False,False,False,False,False,False,False,76.6,75.0785153276927,False
2010.0,1,0.2229916897506925,0.0,0.6121989562715661,0.0,0.7996958107436184,0.0,49.3,0.0,99.0,-0.5218538081748137,99.0,0.1,0.4180398276407497,0.0098568225419297,3.5,3.5,0.711,0.6425120772946861,False,False,False,False,False,False,False,False,False,False,False,False,False,False,False,False,False,False,False,False,False,False,False,False,False,False,False,False,False,False,False,False,False,False,False,False,False,False,False,False,False,False,False,False,False,False,False,False,False,False,False,False,False,True,False,False,False,False,False,False,False,False,False,False,False,False,False,False,False,False,False,False,False,False,False,False,False,72.5,73.7634136020581,False
2008.0,0,0.0831024930747922,2.0,0.85737078228636,66.37840495,0.6668525825241117,1617.0,59.9,2.0,96.0,1.3042340997360071,96.0,0.1,-0.8362535610100713,0.045466071016101,0.5,0.5,0.866,0.7874396135265701,False,False,False,False,False,False,False,False,False,False,False,False,False,False,False,False,False,False,False,False,False,False,False,False,False,False,False,False,False,False,False,False,False,False,False,False,False,False,False,False,False,False,False,False,False,False,False,False,False,False,False,False,False,False,False,False,False,False,False,False,False,False,False,False,False,False,False,False,False,False,False,False,False,False,False,False,False,81.5,75.25673479968957,False
2010.0,0,0.0803324099722991,0.0,1.7154721733381386,283.3300258,0.6668525825241117,18.0,57.8,0.0,99.0,0.579041294202045,99.0,0.1,-0.2368425259169605,8.596993771950127e-05,0.9,1.0,0.853,0.7053140096618358,False,False,False,False,False,False,False,False,False,False,False,False,False,False,False,False,False,False,False,False,False,False,False,False,False,False,False,False,False,False,False,False,False,False,False,False,False,False,False,False,False,False,False,False,False,False,False,False,False,False,False,False,False,False,False,False,False,False,False,False,False,False,False,False,False,False,False,False,False,False,False,False,False,False,False,False,False,79.5,75.99590794734085,False
2014.0,1,0.3490304709141274,37.0,-1.172958401898652,97.67794571,0.7554147346704495,124.0,28.0,54.0,93.0,-1.0242464144182213,98.0,0.8,-0.6632638429081302,0.0208388422400748,6.4,6.3,0.576,0.5652173913043478,False,False,False,False,False,False,False,False,False,False,False,False,False,False,False,False,False,False,False,False,False,False,False,False,False,False,True,False,False,False,False,False,False,False,False,False,False,False,False,False,False,False,False,False,False,False,False,False,False,False,False,False,False,False,False,False,False,False,False,False,False,False,False,False,False,False,False,False,False,False,False,False,False,False,False,False,False,62.1,68.72350758185506,False
2012.0,1,0.0373961218836565,9.0,-1.172958401898652,0.0,-0.0859257107197591,32.0,19.4,12.0,78.0,-1.6533293300621406,79.0,0.3,0.4180398276407497,0.0098568225419297,9.1,9.2,0.554,0.4927536231884057,False,False,False,False,False,False,False,False,False,False,False,False,False,False,False,False,False,False,False,False,False,False,False,False,False,False,False,False,False,False,False,False,False,False,False,False,True,False,False,False,False,False,False,False,False,False,False,False,False,False,False,False,False,False,False,False,False,False,False,False,False,False,False,False,False,False,False,False,False,False,False,False,False,False,False,False,False,64.4,66.00204973521456,False
2008.0,1,0.1897506925207756,11.0,0.0631162209259339,58.4989742,0.5340093543046052,1.0,5.8,14.0,93.0,-0.5131165454575369,93.0,0.3,-0.8425628536273747,0.0022136596216809,1.2,1.2,0.7,0.6376811594202898,False,False,False,False,False,False,False,False,False,False,False,False,False,False,False,False,False,False,False,False,False,False,False,False,False,False,False,False,False,False,False,False,False,False,False,False,False,False,False,False,False,False,False,False,False,False,False,False,False,False,False,False,False,False,False,False,False,False,False,False,False,False,False,False,False,False,False,False,False,False,False,False,False,False,False,False,False,73.9,68.34825428334896,False
2002.0,1,0.5277008310249308,30.0,0.0,0.0,0.0,0.0,38.321246556473824,48.0,93.0,0.0146969204726966,93.0,3.3,0.4180398276407497,0.0055935310924002,4.839703856749312,4.870316804407714,0.0,0.0,False,False,False,False,False,False,False,False,False,False,False,False,False,False,False,False,False,False,False,False,False,False,False,False,False,False,False,False,False,False,False,False,False,False,False,False,False,False,False,False,False,False,False,False,False,False,False,False,False,False,False,False,False,False,False,False,False,False,False,False,False,True,False,False,False,False,False,False,False,False,False,False,False,False,False,False,False,52.0,67.82176860488401,False
2009.0,0,0.0152354570637119,0.0,2.203261952180072,0.0,0.7996958107436184,5.0,63.1,0.0,99.0,0.8498964384376209,99.0,0.1,0.4180398276407497,0.0098568225419297,1.9,2.0,0.677,0.5793619706663184,False,False,False,False,False,False,False,False,False,False,False,False,False,False,False,False,False,False,False,False,False,False,False,False,False,False,False,False,False,False,False,False,False,False,False,False,False,False,False,False,False,False,False,False,False,False,False,False,False,False,False,False,False,False,False,False,False,False,False,False,False,False,False,False,False,False,False,False,False,False,False,False,False,False,False,False,False,77.1,76.3338811926708,False
2005.0,1,0.0138504155124653,1.0,-0.6800608766814099,630.0540723,-0.1744878628660968,618.0,6.8,1.0,74.0,1.0989084258800057,77.0,0.1,0.0349567227651258,0.0030813382283943,4.7,4.6,0.0,0.6618357487922705,False,False,False,False,False,False,False,False,False,False,False,False,False,False,False,False,False,False,False,False,False,False,False,False,False,False,False,False,False,False,False,False,False,False,False,False,False,False,False,False,False,False,False,False,False,False,False,False,False,False,False,False,False,False,False,False,False,False,False,False,False,False,False,False,False,False,False,False,False,False,False,False,False,False,False,False,False,73.9,65.9513231795657,False
2015.0,1,0.4916897506925208,46.0,0.0,0.0,-1.547201221134332,418.0,19.1,77.0,52.0,0.0146969204726966,46.0,2.8,-0.7803088827385101,0.0001154522787895,8.5,8.4,0.394,0.3526570048309179,False,False,False,False,False,False,False,False,False,False,False,False,False,False,False,False,False,False,False,False,False,False,False,False,False,False,False,False,False,False,False,False,False,False,False,False,False,False,False,False,False,False,False,False,False,False,False,False,False,False,False,False,False,False,False,False,False,False,False,False,False,False,False,False,False,False,False,False,False,False,False,False,False,False,False,False,False,53.1,60.29092683330107,False
2009.0,1,0.1883656509695291,1.0,-0.1641784927752811,201.1855461,0.5340093543046052,0.0,5.7,1.0,94.0,-0.5917519099130271,93.0,0.1,-0.384204487383193,0.002232507112095,2.0,2.1,0.725,0.5748792270531401,False,False,False,False,False,False,False,False,False,False,False,False,False,False,False,False,False,False,False,False,False,False,False,False,False,False,False,False,False,False,False,False,False,False,False,False,False,False,False,False,False,False,False,False,False,False,False,False,False,False,False,False,False,False,False,False,False,False,False,False,False,False,False,False,False,False,False,False,False,False,False,False,False,False,False,False,False,73.3,68.44511372996955,False
2004.0,1,0.3102493074792244,1.0,1.958090126165278,0.0,0.7996958107436184,4.0,47.9,1.0,98.0,1.129488845390474,98.0,0.1,0.4180398276407497,0.0098568225419297,3.2,3.4,0.677,0.5793619706663184,False,False,False,False,False,False,False,False,False,False,False,False,False,False,False,False,False,False,False,False,False,False,False,False,False,False,False,False,False,False,False,False,False,False,False,False,False,False,False,False,False,False,False,False,False,False,False,False,False,False,False,False,False,False,False,False,False,False,False,False,False,False,False,False,False,False,False,False,False,False,False,False,False,False,False,False,False,68.0,73.77105217494908,False
2011.0,1,0.2368421052631579,22.0,-1.106557699019645,112.1229028,0.4897282782314363,2359.0,16.9,27.0,92.0,0.3606097262701286,92.0,0.2,-0.7955220166382639,0.0211206225010902,15.35,15.599999999999998,0.529,0.5797101449275363,False,False,False,False,False,False,False,False,False,False,False,False,False,False,False,False,False,False,False,False,False,False,False,False,False,False,False,False,False,False,False,False,False,False,False,False,False,False,False,False,False,False,False,False,False,False,False,False,False,False,False,False,False,False,False,False,False,False,False,False,False,False,False,False,False,False,False,False,False,False,False,False,False,False,False,False,False,68.4,65.42164191081464,False
2007.0,1,0.113573407202216,0.0,-0.858831999817197,44.18506273,0.5782904303777741,361.0,65.1,0.0,97.0,-1.5703253342480124,94.0,0.1,-0.7984713065654068,0.0098568225419297,4.9,4.5,0.83,0.608695652173913,False,False,False,False,False,False,False,False,False,False,False,False,False,False,False,False,False,False,False,False,False,False,False,False,False,False,False,False,False,False,False,False,False,False,False,False,False,False,False,False,False,False,False,False,False,False,False,False,False,False,False,False,False,False,False,False,False,False,False,False,False,False,False,False,False,False,False,False,False,False,False,False,False,False,False,False,False,76.7,73.68107538146025,False
2006.0,1,0.1357340720221606,1.0,0.1805943875580226,3.3021542,0.7554147346704495,68.0,5.8,1.0,97.0,-0.0194612019314059,97.0,0.1,-0.9129259212064966,0.002312858200667,1.7,1.8,0.696,0.5507246376811594,False,False,False,False,False,False,False,False,False,False,False,False,False,False,False,False,False,False,False,False,False,False,False,False,False,False,False,False,False,False,False,False,False,False,False,False,False,False,False,False,False,False,False,False,False,False,False,False,False,False,False,False,False,False,False,False,False,False,False,False,False,False,False,False,False,False,False,False,False,False,False,False,False,False,False,False,False,74.2,68.55246264697782,False
2000.0,1,0.3047091412742382,17.0,-0.5038436267332769,238.7369808,0.0,0.0,4.4,21.0,8.0,-0.2859477148083441,81.0,0.2,-0.6233478364204692,0.0009009550235007,1.6,1.6,0.539,0.3961352657004831,False,False,False,False,False,False,False,False,False,False,False,False,False,False,False,False,False,False,False,False,False,False,False,False,False,False,False,True,False,False,False,False,False,False,False,False,False,False,False,False,False,False,False,False,False,False,False,False,False,False,False,False,False,False,False,False,False,False,False,False,False,False,False,False,False,False,False,False,False,False,False,False,False,False,False,False,False,67.7,62.96383573843407,False
2003.0,1,0.4750692520775623,48.0,-1.172958401898652,0.0,0.0,8257.0,19.0,78.0,4.0,0.0146969204726966,4.0,0.9,0.4180398276407497,0.0098568225419297,7.7,7.5,0.677,0.5793619706663184,False,False,False,False,False,False,False,False,False,False,False,False,False,False,False,False,False,False,False,False,False,False,False,False,False,False,False,False,False,False,False,False,False,False,False,False,False,False,False,False,False,False,False,False,False,False,False,False,False,False,False,False,False,False,False,False,False,False,False,False,True,False,False,False,False,False,False,False,False,False,False,False,False,False,False,False,False,51.1,56.2208923485821,False
2007.0,1,0.1717451523545706,0.0,0.0963165723654374,678.5188944,-3.1856010358415805,0.0,57.2,0.0,92.0,0.3649783576287668,92.0,0.1,0.1453407429272366,0.0004759721702652,2.1,2.2,0.762,0.6570048309178743,False,False,False,False,False,False,False,False,False,False,False,False,False,False,False,False,False,False,False,False,False,False,False,False,False,False,False,False,False,False,False,False,False,False,False,False,False,False,False,False,False,False,False,False,False,False,False,False,False,False,False,False,False,False,False,False,False,False,False,False,False,False,False,False,False,False,False,False,False,False,False,False,False,False,False,False,False,74.2,74.40266787935535,False
2011.0,1,0.0193905817174515,3.0,0.3031803005654196,472.1932825,0.3568850500119296,0.0,47.1,3.0,84.0,1.5357715617438383,89.0,0.1,-0.2065251141059265,0.0048643227239413,2.1,2.0,0.675,0.5942028985507246,False,False,False,False,False,False,False,False,False,False,False,False,False,False,False,False,False,False,False,False,False,False,False,False,False,False,False,False,False,False,False,False,False,False,False,False,False,False,False,False,False,False,False,False,False,False,False,False,False,False,False,False,False,False,False,False,False,False,False,False,False,False,False,False,False,False,False,False,False,False,False,False,False,False,False,False,False,73.4,72.96548202924133,False
2012.0,1,0.2299168975069252,0.0,1.2506672531850918,0.0,0.6668525825241117,0.0,62.6,0.0,99.0,0.6664139213748111,98.0,0.2,0.4180398276407497,0.0098568225419297,2.5,2.5,0.789,0.608695652173913,False,False,False,False,False,False,False,False,False,False,False,False,False,False,False,False,False,False,False,False,False,False,False,False,False,False,False,False,False,False,False,False,False,False,False,False,False,False,False,False,False,False,False,False,False,False,False,False,False,False,False,False,False,False,False,False,False,False,False,False,False,False,False,False,False,False,False,False,False,False,False,False,False,False,False,False,False,74.9,75.79128471449961,False
2002.0,1,0.1703601108033241,0.0,-0.6775070034937558,4.299053392,0.7554147346704495,926.0,16.2,0.0,98.0,-0.0544102528005125,98.0,0.1,-0.9134185821103848,2.032678577421164e-07,14.6,14.7,0.597,0.5797101449275363,False,False,False,False,False,False,False,False,False,False,False,False,False,False,False,False,False,False,False,False,False,False,False,False,False,False,False,False,False,False,False,False,False,False,False,False,False,False,False,False,True,False,False,False,False,False,False,False,False,False,False,False,False,False,False,False,False,False,False,False,False,False,False,False,False,False,False,False,False,False,False,False,False,False,False,False,False,71.8,65.4674760071329,False
2010.0,1,0.3005540166204986,10.0,0.3440422715678853,0.0,-0.3073310910856034,153.0,18.0,13.0,76.0,-1.378105554467926,74.0,0.3,0.4180398276407497,0.0098568225419297,9.3,9.5,0.535,0.4637681159420289,False,False,False,False,False,False,False,False,False,False,False,False,False,False,False,False,False,False,False,False,False,False,False,False,False,False,False,False,False,False,False,False,False,False,False,False,True,False,False,False,False,False,False,False,False,False,False,False,False,False,False,False,False,False,False,False,False,False,False,False,False,False,False,False,False,False,False,False,False,False,False,False,False,False,False,False,False,63.6,65.95171817384097,False
2002.0,0,0.0110803324099723,0.0,2.0168292094813225,3979.057728,0.0026364414265786,0.0,51.2,0.0,82.0,-2.024662995546398,83.0,0.1,2.268304998128889,0.0006816220490627,1.7,1.9,0.847,0.7777777777777778,False,False,False,True,False,False,False,False,False,False,False,False,False,False,False,False,False,False,False,False,False,False,False,False,False,False,False,False,False,False,False,False,False,False,False,False,False,False,False,False,False,False,False,False,False,False,False,False,False,False,False,False,False,False,False,False,False,False,False,False,False,False,False,False,False,False,False,False,False,False,False,False,False,False,False,False,False,78.7,76.8024839455977,False
2000.0,1,0.4806094182825485,48.0,-0.2280253224666337,19.83929597,0.0,6074.0,12.2,92.0,45.0,-0.1330456172560027,45.0,4.0,-0.8787321938035136,0.0009026545901136,11.4,11.1,0.0,0.1642512077294685,False,False,False,False,False,False,False,False,False,True,False,False,False,False,False,False,False,False,False,False,False,False,False,False,False,False,False,False,False,False,False,False,False,False,False,False,False,False,False,False,False,False,False,False,False,False,False,False,False,False,False,False,False,False,False,False,False,False,False,False,False,False,False,False,False,False,False,False,False,False,False,False,False,False,False,False,False,51.0,55.16847801039704,False
2010.0,1,0.3019390581717451,1.0,0.931433104728329,0.0,0.7554147346704495,0.0,5.4,1.0,97.0,2.562399931023845,9.0,0.1,0.4180398276407497,0.0098568225419297,2.8,3.0,0.677,0.5793619706663184,False,False,False,False,False,False,False,False,False,False,False,False,False,False,False,False,False,False,False,False,False,False,False,False,False,False,False,False,False,False,False,False,False,False,False,False,False,False,False,False,False,False,False,False,False,False,False,False,False,False,False,False,False,False,False,False,False,False,False,False,False,False,False,False,False,False,False,False,False,False,False,False,False,False,False,False,False,68.8,64.09457571892365,False
2015.0,1,0.1772853185595568,1.0,0.0,0.0,0.5782904303777741,431.0,56.2,1.0,91.0,0.0146969204726966,94.0,0.1,-0.2464592590410038,2.870250354741056e-05,2.7,2.8,0.768,0.6714975845410628,False,False,False,False,False,False,False,False,False,False,False,False,False,False,False,False,False,False,False,False,False,False,False,False,False,False,False,False,False,False,False,False,False,False,False,False,False,False,False,False,False,False,False,False,False,False,False,False,False,False,False,False,False,False,False,False,False,False,False,False,False,False,False,False,False,False,False,False,False,False,False,False,False,False,False,False,False,74.4,74.02695263832801,False
2011.0,0,0.1080332409972299,0.0,1.49839295238754,10251.10872,0.0,84.0,57.4,0.0,91.0,-1.7625451140280983,91.0,0.1,2.268304998128889,0.0004309108550183,1.1,0.9,0.91,0.8164251207729468,False,False,False,False,False,False,False,False,False,False,False,False,False,False,False,False,True,False,False,False,False,False,False,False,False,False,False,False,False,False,False,False,False,False,False,False,False,False,False,False,False,False,False,False,False,False,False,False,False,False,False,False,False,False,False,False,False,False,False,False,False,False,False,False,False,False,False,False,False,False,False,False,False,False,False,False,False,79.7,84.59687386103955,False
2005.0,1,0.0013850415512465,364.0,-1.1652967823356897,30.59320769,-3.2741631879879183,2981.0,18.9,459.0,78.0,-1.3082074527297125,77.0,0.1,-0.7920635810711348,0.0119020928134022,15.35,15.599999999999998,0.487,0.2946859903381642,False,False,False,False,False,False,False,False,False,False,False,False,False,False,False,False,False,False,False,False,False,False,False,False,False,False,False,False,False,False,False,False,False,False,False,False,False,False,False,False,False,False,False,False,False,False,False,False,False,False,False,False,False,False,False,False,False,False,False,False,False,False,False,False,False,False,False,False,False,False,False,False,False,False,False,False,False,62.9,66.37810792605235,False
2004.0,1,0.3919667590027701,2.0,-0.7285844672468379,73.24150483,0.7554147346704495,0.0,41.3,2.0,99.0,0.0373310057308922,99.0,0.1,-0.776629621715335,0.0019297292040866,2.3,2.4,0.621,0.5410628019323671,False,False,False,False,False,False,False,False,False,False,False,False,False,False,False,False,False,False,False,False,False,False,False,False,False,False,False,False,False,False,False,False,False,False,False,False,False,False,False,False,False,False,False,True,False,False,False,False,False,False,False,False,False,False,False,False,False,False,False,False,False,False,False,False,False,False,False,False,False,False,False,False,False,False,False,False,False,64.0,72.08209470773464,False
2011.0,1,0.3670360110803324,9.0,-0.2254714492789795,60.44658161,-0.1744878628660968,279.0,25.0,12.0,77.0,2.326493837657376,77.0,1.5,-0.8513528627944333,3.642822790478773e-05,7.2,7.0,0.406,0.4589371980676328,False,False,False,False,False,False,False,False,False,False,False,False,False,False,False,False,False,False,False,False,False,False,False,False,False,False,False,False,False,False,False,False,False,False,False,False,False,False,False,False,False,False,False,False,False,False,False,False,False,False,False,False,False,False,False,False,False,False,False,False,False,False,False,False,False,False,False,False,False,False,False,False,False,False,False,False,False,62.0,66.31162736038861,False
2000.0,0,0.1066481994459833,0.0,1.7001489342122138,5834.582046,0.0,0.0,5.8,0.0,95.0,1.7498344983171166,93.0,0.1,2.268304998128889,0.0005552311771529,0.7,0.5,0.879,0.7294685990338164,False,False,False,False,False,False,False,False,False,False,False,False,False,False,False,False,False,False,False,False,False,False,False,False,False,False,False,False,False,False,False,False,False,False,False,False,False,False,False,False,False,False,False,False,False,False,False,False,False,False,False,False,False,False,False,False,False,False,False,False,False,False,False,False,False,True,False,False,False,False,False,False,False,False,False,False,False,79.7,74.7299718978483,False
2007.0,1,0.1897506925207756,25.0,-1.170404528710998,0.0,0.7111336585972806,133.0,5.4,29.0,98.0,-0.0281984646486828,99.0,0.1,0.4180398276407497,0.0098568225419297,7.5,7.8,0.704,0.5700483091787439,False,False,False,False,False,False,False,False,False,False,False,False,False,False,False,False,False,False,False,False,False,False,False,False,False,False,False,False,False,False,False,False,False,False,False,False,False,False,False,False,False,False,False,False,False,False,False,False,False,False,False,False,False,False,False,False,False,False,False,False,False,False,False,False,False,False,False,False,False,False,False,False,False,False,False,False,False,72.4,67.21690101639406,False
2005.0,1,0.4653739612188365,3.0,0.6607225468369942,12.0661671,0.0,0.0,2.2,4.0,5.0,-1.8673922666354184,39.0,4.9,-0.8860307899235579,0.0005852900878879,9.8,9.8,0.563,0.4202898550724637,False,False,False,False,False,False,False,False,False,False,False,False,False,False,False,False,False,False,False,False,False,False,False,False,False,False,False,False,False,False,False,False,False,False,False,False,False,False,False,False,False,False,False,False,False,False,False,False,False,False,False,False,False,False,False,False,False,False,False,False,False,False,False,False,False,False,False,False,False,False,False,False,False,False,False,False,False,54.4,55.10112040779286,False
2013.0,1,0.2368421052631579,0.0,1.230236267683859,0.0,0.7111336585972806,0.0,63.2,0.0,97.0,0.6969943408852796,97.0,0.1,0.4180398276407497,0.0098568225419297,2.5,2.5,0.79,0.608695652173913,False,False,False,False,False,False,False,False,False,False,False,False,False,False,False,False,False,False,False,False,False,False,False,False,False,False,False,False,False,False,False,False,False,False,False,False,False,False,False,False,False,False,False,False,False,False,False,False,False,False,False,False,False,False,False,False,False,False,False,False,False,False,False,False,False,False,False,False,False,False,False,False,False,False,False,False,False,74.8,75.83267374150863,False
2010.0,1,0.943213296398892,23.0,0.2955186810024573,36.2929176,0.0,0.0,44.2,58.0,66.0,1.3086027310946455,66.0,1.9,-0.8008539299655131,0.0077284935921083,4.0,4.0,0.47,0.4154589371980676,False,False,False,False,False,False,False,False,False,False,False,False,False,False,False,False,False,False,False,False,False,False,False,False,False,False,False,False,False,False,False,False,False,False,False,False,False,False,False,False,False,False,False,False,False,False,False,False,False,False,False,False,False,False,False,False,False,False,False,False,False,False,False,False,False,False,False,False,False,False,False,False,False,False,False,False,False,36.3,65.3564294975243,False
2004.0,1,0.2950138504155125,0.0,-0.0134999747036891,4.23257668,0.0,0.0,5.4,0.0,84.0,0.4261391966497032,85.0,0.9,-0.9126831692299472,3.812547587285498e-05,3.5,3.5,0.0,0.536231884057971,False,False,False,False,False,False,False,False,False,False,False,False,False,False,False,False,False,False,False,False,False,False,False,False,False,False,False,False,False,False,False,False,False,False,False,False,False,False,False,False,False,False,False,False,False,False,False,False,False,False,False,False,False,False,False,False,False,False,False,False,False,False,True,False,False,False,False,False,False,False,False,False,False,False,False,False,False,68.3,65.919420441843,False
2011.0,1,0.3836565096952908,60.0,-0.7158151013085674,109.7051836,0.6668525825241117,2395.0,19.5,86.0,97.0,-0.2946849775256205,96.0,3.4,-0.742746659283679,0.0328372693332967,8.1,7.9,0.53,0.536231884057971,False,False,False,False,False,False,False,False,False,False,False,False,False,False,False,False,False,False,False,False,False,False,False,False,False,False,False,False,False,False,False,False,False,False,False,False,False,False,False,False,False,False,False,False,False,False,False,False,False,False,False,False,False,False,False,False,False,False,False,False,False,False,False,False,False,False,False,False,False,False,False,False,False,False,False,False,False,61.2,65.50483351771989,False
2012.0,1,0.221606648199446,9.0,0.5355827606419431,0.0,0.0026364414265786,1.0,6.4,10.0,73.0,-0.4825361259470688,81.0,0.1,0.4180398276407497,0.0098568225419297,1.6,1.5,0.767,0.6811594202898551,False,False,False,False,False,False,False,False,False,False,False,False,False,False,False,False,False,False,False,False,False,False,False,False,False,False,False,False,False,False,False,False,False,False,False,False,False,False,False,False,False,False,False,False,False,False,False,False,False,False,False,False,False,False,False,False,False,False,False,False,False,False,False,False,False,False,False,False,False,False,False,False,False,False,False,False,False,73.7,67.66503525393095,False
2004.0,1,0.3933518005540166,25.0,-0.881816858506084,10.73628066,-0.2630500150124346,262.0,2.1,39.0,74.0,-0.5873832785543888,72.0,2.1,-0.8149330199767657,5.966645862240072e-06,8.9,8.8,0.423,0.3913043478260869,False,False,False,False,False,False,True,False,False,False,False,False,False,False,False,False,False,False,False,False,False,False,False,False,False,False,False,False,False,False,False,False,False,False,False,False,False,False,False,False,False,False,False,False,False,False,False,False,False,False,False,False,False,False,False,False,False,False,False,False,False,False,False,False,False,False,False,False,False,False,False,False,False,False,False,False,False,56.1,61.13928690551457,False
2002.0,1,0.2008310249307479,7.0,-1.0350492497653303,39.33253687,-3.362725340134256,4353.0,43.1,9.0,8.0,-0.6267009607821337,76.0,0.1,-0.7827231556224802,0.0006315686916365,3.1,3.1,0.651,0.5120772946859903,False,False,False,False,True,False,False,False,False,False,False,False,False,False,False,False,False,False,False,False,False,False,False,False,False,False,False,False,False,False,False,False,False,False,False,False,False,False,False,False,False,False,False,False,False,False,False,False,False,False,False,False,False,False,False,False,False,False,False,False,False,False,False,False,False,False,False,False,False,False,False,False,False,False,False,False,False,67.8,66.09394722645168,False
2007.0,1,0.0096952908587257,0.0,1.2940830973752115,3632.243121,0.6225715064509428,2.0,61.8,0.0,99.0,1.5314029303852,99.0,0.1,2.268304998128889,0.0008876073584695,0.8,0.7,0.855,0.7922705314009661,False,False,False,False,False,False,False,False,False,False,False,False,False,False,False,False,False,False,False,False,False,False,False,False,False,False,False,False,False,False,False,False,False,False,False,False,False,False,False,False,False,False,False,False,False,False,False,False,False,False,False,False,False,False,False,False,False,False,False,False,False,False,False,False,False,False,False,False,False,False,False,False,False,False,False,False,False,79.4,79.68629236974506,False
2010.0,1,0.1800554016620498,3.0,-1.050372488891255,65.56659662,0.6668525825241117,73.0,35.3,4.0,96.0,-0.8363952659967732,96.0,0.1,-0.7456216644397877,0.0217274442971486,8.2,8.0,0.764,0.6183574879227054,False,False,False,False,False,False,False,False,False,False,False,False,False,False,False,False,False,False,False,False,False,False,False,False,False,False,False,False,False,False,False,False,False,False,False,False,False,False,False,False,False,False,False,False,False,False,False,False,False,False,False,False,False,False,False,False,False,False,False,False,False,False,False,False,False,False,False,False,False,False,False,False,False,False,False,False,False,74.1,69.68417088620156,False
2008.0,1,0.3795013850415513,41.0,-0.7209228476838755,161.0106435,0.5340093543046052,82.0,24.2,61.0,92.0,-0.4606929691538773,93.0,2.2,-0.7004000012525039,0.0018006827110392,7.5,7.4,0.53,0.4734299516908213,False,False,False,False,False,False,False,False,False,False,False,False,False,False,False,False,False,False,False,False,False,False,False,False,False,False,True,False,False,False,False,False,False,False,False,False,False,False,False,False,False,False,False,False,False,False,False,False,False,False,False,False,False,False,False,False,False,False,False,False,False,False,False,False,False,False,False,False,False,False,False,False,False,False,False,False,False,63.0,66.39090739162323,False
2014.0,1,0.2950138504155125,54.0,-0.0211615942666514,31.27232188,-0.6172986235977856,58848.0,24.8,68.0,77.0,-0.5218538081748137,67.0,0.1,-0.4111693364805403,8.672890743928363e-05,1.0,9.7,0.676,0.5652173913043478,False,False,False,False,False,False,False,False,False,False,False,False,False,False,False,False,False,False,False,False,False,False,False,False,False,False,False,False,False,False,False,False,False,False,False,False,False,False,False,False,False,False,False,False,False,False,False,False,False,False,False,False,False,False,False,False,False,False,False,False,False,False,False,False,False,False,False,False,False,False,False,False,False,False,False,False,False,68.4,67.93827781016968,False
2000.0,1,0.3102493074792244,4.0,-0.631537286115982,0.0,-1.6357633732806698,16.0,35.6,5.0,99.0,-0.5349597022507289,99.0,0.1,0.4180398276407497,0.0098568225419297,3.6,3.6,0.586,0.5507246376811594,False,False,False,False,False,False,False,False,False,False,False,False,False,False,False,False,False,False,False,False,False,False,False,False,False,False,False,False,False,False,False,False,False,False,False,True,False,False,False,False,False,False,False,False,False,False,False,False,False,False,False,False,False,False,False,False,False,False,False,False,False,False,False,False,False,False,False,False,False,False,False,False,False,False,False,False,False,66.6,71.05053504320115,False
2002.0,1,0.9667590027700832,2.0,0.461520438199974,6.3300072,0.3126039739387607,7.0,31.1,4.0,97.0,0.2470253109455317,97.0,34.6,-0.8556543959029999,0.0013756666238953,11.4,11.3,0.558,0.5748792270531401,False,False,False,False,False,False,False,False,False,False,False,False,False,False,False,False,False,False,False,False,False,False,False,False,False,False,False,False,False,False,False,False,False,False,False,False,False,False,False,False,False,False,False,False,False,False,False,False,False,False,False,False,False,False,False,False,False,False,False,False,False,False,False,False,False,False,False,False,False,False,False,False,False,False,False,False,False,46.0,44.98359099239633,False
2010.0,1,0.2922437673130194,21.0,-1.1040038258319909,1.020071763,0.3568850500119296,428.0,21.7,32.0,76.0,-0.5611714904025586,89.0,0.4,-0.917125009310453,0.0099826893073362,1.4,1.3,0.449,0.3719806763285024,False,False,False,False,False,False,False,False,False,False,False,False,False,False,False,False,False,False,False,False,False,False,False,False,False,False,False,False,False,False,False,False,False,False,False,False,False,False,False,False,False,False,False,False,False,False,False,False,False,False,False,False,False,False,False,False,True,False,False,False,False,False,False,False,False,False,False,False,False,False,False,False,False,False,False,False,False,64.3,68.05913364115635,False
2007.0,0,0.0914127423822714,3.0,0.6862612787135351,6599.995239,0.0,0.0,25.4,4.0,97.0,1.024641692783154,98.0,0.1,2.268304998128889,9.637833407012136e-07,1.8,1.5,0.877,0.7246376811594203,False,False,False,False,False,False,False,False,False,False,False,False,False,False,False,False,False,False,False,False,False,False,False,False,False,False,False,False,False,False,False,False,False,False,False,False,False,False,False,False,False,False,False,False,False,False,False,False,False,False,False,False,False,False,False,False,False,False,False,False,False,False,False,False,False,False,False,False,False,False,False,False,False,False,False,False,False,82.6,77.68888981102758,False
2011.0,1,0.4792243767313019,76.0,1.4345461226961873,94.49686776,0.0469175174997475,3312.0,16.7,114.0,82.0,1.7454658669584784,82.0,6.8,-0.814771707184494,0.0027774380963196,5.9,5.9,0.477,0.5169082125603864,False,False,False,False,False,False,False,False,False,False,False,False,False,False,False,False,False,False,False,False,False,False,False,False,False,False,False,False,False,False,False,False,False,False,False,False,False,False,False,False,False,False,False,False,False,False,False,False,False,False,False,False,False,False,False,False,False,False,False,False,False,False,False,False,False,False,False,False,False,False,False,False,False,False,False,False,False,59.3,62.24485623987208,False
2001.0,1,0.2132963988919667,26.0,-1.058034108454217,71.11645,0.1354796696460852,2724.0,45.7,30.0,93.0,-0.6398068548580484,96.0,0.1,-0.6803212542623935,0.0225540743898219,6.7,6.5,0.53,0.4106280193236715,False,False,False,False,False,False,False,False,False,False,False,False,False,False,False,False,False,False,False,False,False,False,False,False,False,False,False,False,False,False,False,False,False,False,False,False,False,False,False,False,False,False,False,False,True,False,False,False,False,False,False,False,False,False,False,False,False,False,False,False,False,False,False,False,False,False,False,False,False,False,False,False,False,False,False,False,False,69.0,70.9751659140155,False
2005.0,1,0.0623268698060941,45.0,-1.0682496012048337,8.936064632,0.0,2.0,15.4,79.0,37.0,-0.8713443168658799,25.0,5.2,-0.907366044504004,1.2713902128736938e-06,1.5,1.4,0.306,0.2705314009661835,False,False,False,False,False,False,False,False,False,False,False,False,False,False,False,False,False,False,False,False,False,False,False,False,False,False,False,False,False,False,False,False,False,False,False,False,False,False,False,False,False,False,False,False,False,False,False,False,False,False,False,False,False,False,False,False,False,False,False,False,False,False,False,False,False,False,False,False,False,False,False,False,False,False,False,False,False,48.6,56.84722837216289,False
2013.0,1,0.0304709141274238,0.0,2.5684658180146087,1109.854619,0.7554147346704495,16.0,61.1,1.0,98.0,0.3475038321942135,98.0,0.1,0.5066157112822962,0.0073160685189206,2.0,2.0,0.796,0.7584541062801932,False,False,False,False,False,False,False,False,False,False,False,False,False,False,False,False,False,False,False,False,False,False,False,False,False,False,False,False,False,False,False,False,False,False,False,False,False,False,False,False,False,False,False,False,False,False,False,False,False,False,False,False,False,False,False,False,False,False,False,False,False,False,False,False,False,False,False,False,False,False,False,False,False,False,False,False,False,71.7,77.34239506977529,False
2014.0,1,0.1662049861495845,6.0,-0.1999327174024386,79.11626341,0.0911985935729163,0.0,53.5,7.0,84.0,1.422187146419242,83.0,0.1,0.2302360900426793,0.0012312606550421,1.2,1.1,0.737,0.6763285024154589,False,False,False,False,False,False,False,False,False,False,False,False,False,False,False,False,False,False,False,False,False,False,False,False,False,False,False,False,False,False,False,False,False,False,False,False,False,False,False,False,False,False,False,False,False,False,False,False,False,False,False,False,False,False,False,False,False,False,False,False,False,False,False,False,False,False,False,False,False,False,False,False,False,False,False,False,False,76.0,73.32138456883276,False
2004.0,1,0.5969529085872576,72.0,-0.8103084092517693,36.29775249,-0.3516121671587723,20.0,15.9,112.0,73.0,-0.7053363252376235,73.0,13.2,-0.8372007257982975,0.0027629720716301,8.7,8.6,0.461,0.429951690821256,False,False,False,False,False,False,False,False,False,False,False,False,False,False,False,False,False,False,False,False,False,False,False,False,False,False,False,False,False,False,False,False,False,False,False,False,False,False,False,False,False,False,False,False,False,False,False,False,False,False,False,False,False,False,False,False,False,False,False,False,False,False,False,False,False,False,False,False,False,False,False,False,False,False,False,False,False,53.0,54.29451011099333,False
2010.0,1,0.2368421052631579,372.0,-1.1652967823356897,0.66751505,0.0469175174997475,4321.0,21.9,461.0,82.0,-1.181517143329201,82.0,0.1,-0.9166763120988556,0.0013572944556581,2.2,2.7,0.521,0.3623188405797101,False,False,False,False,False,False,False,False,False,False,False,False,False,False,False,False,False,False,False,False,False,False,False,False,False,False,False,False,False,False,False,False,False,False,False,False,False,False,False,False,False,False,False,False,False,False,False,False,False,False,False,False,False,False,False,False,False,False,False,False,False,False,False,False,False,False,False,False,False,False,False,False,False,False,False,False,False,65.1,72.01098071180753,False
2014.0,1,0.1204986149584487,7.0,-1.152527416397419,2017.643131,0.7554147346704495,154.0,67.3,9.0,98.0,-0.5349597022507289,98.0,0.1,2.268304998128889,0.0098568225419297,7.7,7.5,0.841,0.7632850241545894,False,False,False,False,False,False,False,False,False,False,False,False,False,False,False,False,False,False,False,False,False,False,False,False,False,False,False,False,False,False,False,False,False,False,False,False,False,False,False,False,False,False,False,False,False,False,False,False,False,False,False,False,False,False,False,False,False,False,False,False,False,False,False,False,False,False,False,False,False,False,False,False,False,False,False,False,False,74.4,76.26018351392305,False
2001.0,0,0.1024930747922437,0.0,1.6643947095850562,6478.346135,0.0,700.0,51.3,0.0,95.0,-2.02029436418776,93.0,0.1,2.268304998128889,0.0055877947652513,0.7,0.5,0.888,0.7342995169082125,False,False,False,False,False,False,False,False,False,False,False,False,False,False,False,False,False,False,False,False,False,False,False,False,False,False,False,False,False,False,False,False,False,False,False,False,False,False,False,False,False,False,False,False,False,False,False,False,False,False,False,False,False,False,False,False,False,False,False,False,False,False,False,False,False,True,False,False,False,False,False,False,False,False,False,False,False,82.0,80.3437678214997,False
2012.0,1,0.2451523545706371,0.0,0.2878570614394952,1168.324095,0.1354796696460852,0.0,56.3,0.0,84.0,0.4348764593669801,84.0,0.9,0.7377803986553751,4.1536975203933696e-05,3.5,3.4,0.708,0.6135265700483091,False,False,False,False,False,False,False,False,False,False,False,False,False,False,False,False,False,False,False,False,False,False,False,False,False,False,False,False,False,False,False,False,False,False,False,False,False,False,False,False,False,False,False,False,False,False,False,False,False,False,False,False,False,False,False,False,False,False,False,False,False,False,True,False,False,False,False,False,False,False,False,False,False,False,False,False,False,71.3,73.55816136876699,False
2013.0,1,0.0166204986149584,3.0,-0.8460626338789266,594.6453102,0.7554147346704495,16.0,59.3,3.0,98.0,0.5921471882779596,98.0,0.1,-0.1687561442485699,0.0008613950793999,6.4,6.3,0.72,0.7101449275362318,False,False,False,False,False,False,False,False,False,False,False,False,False,False,False,False,False,False,False,False,False,False,False,False,False,False,False,False,False,False,False,False,False,False,False,False,False,False,False,False,False,False,False,False,False,False,False,False,False,False,False,False,False,False,False,False,False,False,False,False,False,False,False,False,False,False,False,False,False,False,False,False,False,False,False,False,False,74.9,74.02161800100303,False
2011.0,1,0.4750692520775623,3.0,1.6311943581455532,1493.051277,0.0,0.0,22.6,4.0,39.0,-1.142199461101456,41.0,7.7,2.268304998128889,7.682056547634091e-05,8.9,8.8,0.58,0.4444444444444444,False,False,False,False,False,False,False,False,False,False,False,False,False,False,False,False,False,False,False,False,False,False,False,False,False,False,False,False,False,False,False,False,False,False,False,False,False,False,False,False,False,False,False,False,False,False,False,False,False,False,False,False,False,False,False,False,False,False,False,False,False,False,False,False,False,False,False,False,False,False,False,False,False,False,False,False,False,56.2,60.326831698088924,False
2007.0,0,0.0138504155124653,27.0,1.05657289092338,0.0,0.5340093543046052,43.0,65.1,32.0,93.0,2.562399931023845,96.0,0.1,0.4180398276407497,0.0098568225419297,0.7,0.6,0.677,0.5793619706663184,False,False,False,False,False,False,False,False,False,False,False,False,False,False,False,False,False,False,False,False,False,False,False,False,False,False,False,False,False,False,False,False,False,False,False,False,False,False,False,False,False,False,False,False,False,False,False,False,False,False,False,False,False,False,False,False,False,False,False,False,False,False,False,False,False,False,False,False,False,False,False,False,False,False,False,False,False,78.1,76.24909596035793,False
2001.0,1,0.0180055401662049,1.0,-0.0901161703333121,96.20557078,0.6668525825241117,18.0,46.0,1.0,97.0,0.0416996370895305,97.0,0.1,-0.6820728730249431,2.793116772221424e-05,2.1,2.1,0.662,0.5120772946859903,False,False,False,False,False,False,False,False,False,False,False,False,False,False,False,False,False,False,False,False,False,False,False,False,False,False,False,False,False,False,False,False,False,False,False,False,False,False,False,False,False,False,False,False,False,False,False,False,False,False,False,False,False,False,False,False,False,False,False,False,False,False,False,False,False,False,False,False,False,False,False,False,False,False,False,False,False,73.6,72.5350353096599,False
2007.0,1,0.5263157894736842,27.0,0.0,0.0,0.0,0.0,38.321246556473824,43.0,93.0,0.0146969204726966,93.0,4.2,0.4180398276407497,6.842629854502105e-05,4.839703856749312,4.870316804407714,0.0,0.0,False,False,False,False,False,False,False,False,False,False,False,False,False,False,False,False,False,False,False,False,False,False,False,False,False,False,False,False,False,False,False,False,False,False,False,False,False,False,False,False,False,False,False,False,False,False,False,False,False,False,False,False,False,False,False,False,False,False,False,False,False,True,False,False,False,False,False,False,False,False,False,False,False,False,False,False,False,53.1,67.65082319716105,False
2000.0,1,0.4626038781163435,11.0,-0.9890795323875564,62.56273841,-1.0601093843294744,7135.0,37.5,14.0,51.0,-0.8407638973554117,59.0,1.1,-0.8062743892666286,0.0043066415121533,1.6,1.5,0.418,0.2995169082125604,False,False,False,False,False,False,False,False,False,False,False,False,False,False,False,False,False,False,False,False,False,False,False,False,False,False,False,False,False,False,False,False,False,False,False,False,False,False,False,False,False,False,False,False,False,False,False,False,False,False,False,False,False,False,False,False,False,False,False,False,False,False,False,False,False,False,False,False,False,False,False,False,False,False,False,False,False,58.9,66.23404002446064,False
2001.0,1,0.3047091412742382,0.0,-0.6826147498690641,20.7119129,0.7554147346704495,17.0,51.2,0.0,92.0,-1.1465680924600947,91.0,0.1,-0.8765134948125907,0.0006292678231479,4.3,4.0,0.683,0.6376811594202898,False,False,False,False,False,False,False,False,False,False,False,False,False,False,False,False,False,False,False,False,False,False,True,False,False,False,False,False,False,False,False,False,False,False,False,False,False,False,False,False,False,False,False,False,False,False,False,False,False,False,False,False,False,False,False,False,False,False,False,False,False,False,False,False,False,False,False,False,False,False,False,False,False,False,False,False,False,67.8,71.53670531096684,False
2013.0,1,0.2268648865476893,0.0,-1.172958401898652,78.28120317,-3.1856010358415805,0.0,79.3,0.0,9.0,2.562399931023845,9.0,0.1,-0.2862224609659536,1.379593635245923e-06,0.2,0.1,0.677,0.0,False,False,False,False,False,False,False,False,False,False,False,False,False,False,False,False,False,False,False,False,False,False,False,False,False,False,False,False,False,False,False,False,False,False,False,False,False,False,False,False,False,False,False,False,False,False,False,False,False,False,False,False,False,False,False,False,False,False,False,False,False,False,False,False,False,False,False,False,False,False,False,False,False,False,False,False,False,69.22493169398908,67.96248307844807,False
2003.0,0,0.1952908587257618,3.0,1.1382968329283114,542.0235,0.7111336585972806,48.0,54.5,3.0,98.0,0.1378095269795736,99.0,0.1,0.0982314710495876,0.0002955676956703,2.4,2.6,0.796,0.7391304347826088,False,False,False,False,False,False,False,False,False,False,False,False,False,False,False,False,False,False,False,False,False,False,False,False,False,False,False,False,False,False,False,False,False,False,False,False,False,False,False,False,False,False,False,False,False,False,False,False,False,False,False,False,False,False,False,False,False,False,False,False,False,False,False,False,False,False,False,False,False,False,False,False,False,False,False,False,False,74.7,74.83516732783885,False
2009.0,1,0.1080332409972299,0.0,-0.8920323512567003,3688.694288,0.7996958107436184,112.0,65.6,0.0,98.0,-1.430529130771586,99.0,0.1,2.268304998128889,0.0098568225419297,5.0,4.6,0.828,0.5700483091787439,False,False,False,False,False,False,False,False,False,False,False,False,False,False,False,False,False,False,False,False,False,False,False,False,False,False,False,False,False,False,False,False,False,False,False,False,False,False,False,False,False,False,False,False,False,False,False,False,False,False,False,False,False,False,False,False,False,False,False,False,False,False,False,False,False,False,False,False,False,False,False,False,False,False,False,False,False,77.0,78.14659827605648,False
2000.0,1,0.0595567867036011,41.0,-1.1116654453949533,21.52701616,0.0,3546.0,13.9,74.0,3.0,0.1640213151314037,36.0,4.6,-0.889497855450956,0.006447783973042,11.5,11.4,0.0,0.2270531400966183,False,False,False,False,False,False,False,False,False,False,False,False,False,False,False,False,False,False,False,False,False,False,False,False,False,False,False,False,False,False,False,False,False,False,False,False,False,False,False,False,False,False,False,False,False,False,False,False,False,False,False,False,False,False,False,False,False,False,False,False,False,False,False,False,False,False,False,False,False,False,False,False,False,False,False,False,False,47.6,52.872824420097416,False
2000.0,1,0.2645429362880886,0.0,1.9274436479134287,0.0,0.0,0.0,54.4,0.0,91.0,-0.3034222402428974,99.0,0.1,0.4180398276407497,0.0098568225419297,2.7,2.6,0.0,0.5797101449275363,False,False,False,False,False,False,False,False,False,False,False,False,False,False,False,False,False,False,False,False,False,False,False,False,False,False,False,False,False,False,False,False,False,False,False,False,False,False,False,False,False,False,False,False,False,False,False,False,False,False,False,False,False,False,False,False,False,False,False,False,False,False,False,False,False,False,False,False,False,False,False,False,False,False,False,False,False,72.6,74.06271122925845,False
2015.0,1,0.0152354570637119,0.0,0.0,0.0,0.4897282782314363,1.0,6.3,0.0,92.0,0.0146969204726966,91.0,0.1,0.4180398276407497,0.0098568225419297,2.1,2.1,0.746,0.6231884057971014,False,False,False,False,False,False,False,False,False,False,False,False,False,False,False,False,False,False,False,False,False,False,False,False,False,False,False,False,False,False,False,False,False,False,False,False,False,False,False,False,False,False,False,False,False,False,False,False,False,False,False,False,False,False,False,False,False,False,False,False,False,False,False,False,False,False,False,False,False,False,False,False,False,False,False,False,False,75.7,68.73910814869974,False
2006.0,1,0.3019390581717451,11.0,-0.3506112354740306,0.0,0.0911985935729163,0.0,46.7,15.0,82.0,-0.3121595029601738,83.0,0.2,0.4180398276407497,0.0098568225419297,1.3,1.2,0.625,0.6908212560386474,False,False,False,False,False,False,False,True,False,False,False,False,False,False,False,False,False,False,False,False,False,False,False,False,False,False,False,False,False,False,False,False,False,False,False,False,False,False,False,False,False,False,False,False,False,False,False,False,False,False,False,False,False,False,False,False,False,False,False,False,False,False,False,False,False,False,False,False,False,False,False,False,False,False,False,False,False,66.2,71.61978474540594,False
2006.0,1,0.6412742382271468,30.0,-0.2050404637777468,38.00075788,0.0,33.0,19.7,46.0,65.0,-1.845549109842227,64.0,2.2,-0.861605997164979,0.0045203200848908,9.1,9.1,0.348,0.3864734299516908,False,False,False,False,False,False,False,False,False,False,False,False,False,False,False,False,False,False,False,False,False,False,False,False,False,False,False,False,False,False,False,False,False,False,False,False,False,False,False,False,False,False,False,False,False,False,False,False,False,False,False,False,False,False,False,False,False,True,False,False,False,False,False,False,False,False,False,False,False,False,False,False,False,False,False,False,False,44.3,62.46717938507079,False
2009.0,1,0.5886426592797784,60.0,-0.4297813042913078,0.0,0.0026364414265786,183.0,24.4,84.0,77.0,0.2208135227937019,81.0,3.7,0.4180398276407497,0.0098568225419297,6.5,6.4,0.677,0.5793619706663184,False,False,False,False,False,False,False,False,False,False,False,False,False,False,True,False,False,False,False,False,False,False,False,False,False,False,False,False,False,False,False,False,False,False,False,False,False,False,False,False,False,False,False,False,False,False,False,False,False,False,False,False,False,False,False,False,False,False,False,False,False,False,False,False,False,False,False,False,False,False,False,False,False,False,False,False,False,51.0,64.84657782706579,False
2001.0,1,0.185595567867036,1.0,0.7475542352172336,222.5065705,0.0,35.0,51.7,1.0,93.0,0.4305078280083415,93.0,0.1,-0.6270506249231097,0.0005822882157986,2.8,2.8,0.709,0.6328502415458936,False,False,False,False,False,False,False,False,False,False,False,False,False,False,False,False,False,False,False,False,False,False,False,False,False,False,False,False,False,False,False,False,False,False,False,False,False,False,False,False,False,False,False,False,False,False,False,False,False,False,False,False,False,False,False,False,False,False,False,False,False,False,False,False,False,False,False,False,False,False,False,False,False,False,False,False,False,73.1,73.03178806290227,False
2004.0,0,0.1551246537396122,0.0,1.378360912567797,235.3785281,0.0,0.0,53.5,0.0,94.0,1.1207515826731975,94.0,0.1,-0.610603131774323,0.0001543274498031,2.0,2.0,0.85,0.8019323671497585,False,False,False,False,False,False,False,False,False,False,False,False,False,False,False,False,False,False,False,False,False,False,False,False,False,False,False,False,False,False,False,False,False,False,False,False,False,False,False,False,False,False,False,False,False,False,False,False,False,False,False,False,False,False,False,False,False,False,False,True,False,False,False,False,False,False,False,False,False,False,False,False,False,False,False,False,False,77.2,74.01819011085463,False
2001.0,1,0.2673130193905817,17.0,0.336380652004923,176.0625201,0.6225715064509428,7319.0,19.4,20.0,97.0,-1.129093567025541,96.0,0.8,-0.5808977157395491,0.0491114373598872,9.3,9.6,0.649,0.5410628019323671,False,False,False,False,False,False,False,False,False,False,False,False,False,False,False,False,False,False,False,False,False,False,False,False,False,False,False,False,False,False,False,False,False,False,False,False,False,False,False,False,False,False,False,False,False,False,False,False,False,False,False,False,False,False,False,False,False,False,False,False,False,False,False,False,False,False,False,False,False,False,False,False,False,False,False,False,False,71.2,67.50700274102165,False
2007.0,1,0.4681440443213296,3.0,0.5764447316444088,1024.519543,0.0,5.0,2.9,4.0,54.0,-1.5965371223998424,41.0,5.9,1.8974433255361969,0.0006409452910666,9.5,9.5,0.587,0.4347826086956521,False,False,False,False,False,False,False,False,False,False,False,False,False,False,False,False,False,False,False,False,False,False,False,False,False,False,False,False,False,False,False,False,False,False,False,False,False,False,False,False,False,False,False,False,False,False,False,False,False,False,False,False,False,False,False,False,False,False,False,False,False,False,False,False,False,False,False,False,False,False,False,False,False,False,False,False,False,55.0,58.680168751804885,False
2004.0,0,0.0318559556786703,0.0,1.9146742819751583,76.36187737,0.5782904303777741,1.0,58.1,0.0,9.0,-0.1024651977455343,94.0,0.1,-0.798229271534839,0.0002610338005387,3.1,3.1,0.792,0.7874396135265701,False,False,False,False,False,False,False,False,False,False,False,False,False,False,False,False,False,False,False,False,False,False,False,False,False,False,False,False,False,False,False,False,False,False,False,False,False,False,False,True,False,False,False,False,False,False,False,False,False,False,False,False,False,False,False,False,False,False,False,False,False,False,False,False,False,False,False,False,False,False,False,False,False,False,False,False,False,71.6,70.22613106359695,False
2013.0,1,0.0914127423822714,2.0,0.9186637387900582,9733.228019,-1.148671536475812,83.0,65.8,2.0,91.0,-1.8499177412008647,91.0,0.1,2.268304998128889,0.0271709745308774,0.5,0.5,0.909,0.7681159420289855,False,False,False,False,False,False,False,False,False,False,False,False,False,False,False,False,False,False,False,False,False,False,False,False,False,False,False,False,False,False,False,False,False,False,False,False,False,False,False,False,False,False,False,False,False,False,False,False,False,False,False,False,False,False,False,False,False,False,False,False,False,False,False,False,False,False,False,False,False,False,False,False,False,False,False,False,False,81.8,85.15488498393954,False
2011.0,1,0.518005540166205,513.0,1.059126764111034,187.5733187,-1.547201221134332,18843.0,22.8,802.0,48.0,-0.9674542067559232,48.0,4.7,-0.4674592553361571,0.0125884959079707,11.0,1.9,0.5,0.4637681159420289,False,False,False,False,False,False,False,False,False,False,False,False,False,False,False,False,False,False,False,False,False,False,False,False,False,False,False,False,False,False,False,False,False,False,False,False,False,False,False,False,False,False,False,False,False,False,False,False,False,False,False,False,False,False,False,False,False,False,False,False,False,False,False,False,False,False,False,False,False,False,False,False,False,False,False,False,False,52.3,50.36595631346195,False
2008.0,0,0.1204986149584487,0.0,1.557132035703584,10761.18209,0.0,14.0,56.3,0.0,88.0,-2.0639806777741434,88.0,0.1,2.268304998128889,0.0042458922464256,1.1,0.9,0.906,0.8115942028985508,False,False,False,False,False,False,False,False,False,False,False,False,False,False,False,False,True,False,False,False,False,False,False,False,False,False,False,False,False,False,False,False,False,False,False,False,False,False,False,False,False,False,False,False,False,False,False,False,False,False,False,False,False,False,False,False,False,False,False,False,False,False,False,False,False,False,False,False,False,False,False,False,False,False,False,False,False,78.8,84.44182445391125,False
2015.0,1,0.296398891966759,6.0,0.0,0.0,0.7996958107436184,0.0,48.6,7.0,99.0,0.0146969204726966,99.0,0.1,0.2303169039006674,0.0043012792596932,3.3,3.3,0.688,0.5217391304347826,False,False,False,False,False,False,False,False,False,False,False,False,False,False,False,False,False,False,False,False,False,False,False,False,False,False,False,False,False,False,False,False,False,False,False,False,False,False,False,False,False,False,False,False,False,False,False,False,False,False,False,False,False,False,False,False,False,False,False,False,False,False,False,False,False,False,False,False,False,False,False,True,False,False,False,False,False,66.3,73.88225059370346,False
2007.0,1,0.1662049861495845,8.0,-0.9635408005110152,17.98136184,0.0911985935729163,403.0,49.4,9.0,83.0,-0.954348312680008,8.0,0.1,-0.8730357758824895,0.0015173613241365,6.4,6.2,0.644,0.5555555555555556,False,False,False,False,False,False,False,False,False,False,False,False,False,False,False,False,False,False,False,False,False,False,False,False,False,False,False,False,False,False,False,False,False,False,False,False,False,False,False,False,False,False,False,False,False,False,False,False,False,False,False,False,False,False,False,False,False,False,False,False,False,False,False,False,False,False,True,False,False,False,False,False,False,False,False,False,False,73.8,66.05320004817325,False
2013.0,0,0.0844875346260387,0.0,0.410442974446892,234.782883,0.0,8.0,6.3,0.0,94.0,1.5226656676679238,94.0,0.1,-0.6884235973286514,0.0004479536669235,0.8,0.7,0.942,0.8454106280193237,False,False,False,False,False,False,False,False,False,False,False,False,False,False,False,False,False,False,False,False,False,False,False,False,False,False,False,False,False,False,False,False,False,False,False,False,False,False,False,False,False,False,False,False,False,False,False,False,False,False,False,False,False,False,False,False,False,False,False,False,False,False,False,False,False,False,False,False,False,False,False,False,False,False,False,False,False,81.5,69.37603563345597,False
2006.0,0,0.1163434903047091,0.0,1.8840278037233091,15345.4907,0.6225715064509428,8.0,57.5,0.0,99.0,0.8062101248512378,99.0,0.1,2.268304998128889,0.0003652661573098,0.9,0.9,0.88,0.6521739130434783,False,False,False,False,False,False,False,False,False,False,False,False,False,False,False,False,False,False,False,False,False,False,False,False,False,False,False,False,False,False,False,False,False,False,False,False,False,False,False,False,False,False,False,False,False,False,False,False,False,False,False,False,False,False,False,False,False,False,False,False,False,False,False,False,False,False,False,False,False,False,False,False,False,False,False,False,False,79.4,89.87069454250972,False
2005.0,1,0.3670360110803324,2.0,-1.1142193185826073,69.9675435,-0.5730175475246168,912.0,19.2,2.0,67.0,-0.6922304311617083,68.0,0.1,-0.8080637400098412,0.0004726889692778,7.5,7.4,0.434,0.4685990338164251,False,False,False,False,False,False,False,False,False,False,False,False,False,False,False,False,False,False,False,False,False,False,False,False,False,False,False,False,False,False,False,False,False,False,False,False,False,False,False,False,False,False,False,False,False,False,False,False,False,False,False,False,False,False,False,False,False,False,False,False,False,False,False,False,False,False,False,False,False,False,False,False,False,False,False,False,False,60.0,64.82213696794737,False
2002.0,1,0.0914127423822714,46.0,-0.8945862244443545,3.885394742,-0.7501418518172922,92.0,14.8,75.0,79.0,-0.473798863229792,64.0,24.7,-0.9138461214276148,0.0009380286075318,7.7,7.6,0.388,0.5024154589371981,False,False,False,False,False,False,False,False,False,False,False,False,False,False,False,False,False,False,False,False,False,False,False,False,False,False,False,False,False,False,False,False,False,False,False,False,False,False,False,False,False,False,False,False,False,False,False,False,False,False,False,False,False,False,False,False,False,False,False,False,False,False,False,False,False,False,False,False,False,False,False,False,False,False,False,False,False,44.0,46.43982631219579,False
2007.0,0,0.0803324099722991,0.0,0.7475542352172336,12042.97366,0.0,0.0,57.8,0.0,97.0,1.2430732607150703,97.0,0.1,2.268304998128889,0.000240777346989,0.9,0.9,0.887,0.8792270531400965,False,False,False,False,False,False,False,False,False,False,False,False,False,False,False,False,False,False,False,False,False,False,False,False,False,False,False,False,False,False,True,False,False,False,False,False,False,False,False,False,False,False,False,False,False,False,False,False,False,False,False,False,False,False,False,False,False,False,False,False,False,False,False,False,False,False,False,False,False,False,False,False,False,False,False,False,False,81.3,86.31116506907988,False
2000.0,1,0.4030470914127424,9.0,0.3568116375061558,112.541157,0.7996958107436184,245.0,43.9,10.0,96.0,-0.7621285328999217,97.0,0.1,-0.6994095614654362,0.0115032542256566,2.7,2.7,0.676,0.5845410628019323,False,False,False,False,False,False,False,False,False,False,False,False,False,False,False,False,False,False,False,False,False,False,False,False,False,False,False,False,False,False,False,False,False,True,False,False,False,False,False,False,False,False,False,False,False,False,False,False,False,False,False,False,False,False,False,False,False,False,False,False,False,False,False,False,False,False,False,False,False,False,False,False,False,False,False,False,False,63.9,72.39300226914439,False
2010.0,1,0.1994459833795014,32.0,-1.126988684520878,21.82252494,-0.3958932432319412,492.0,55.8,39.0,74.0,-0.9106619990936248,74.0,0.1,-0.8382970303972898,0.0002907866501647,5.3,5.1,0.646,0.5024154589371981,False,False,False,False,False,False,False,False,False,False,False,False,False,False,False,False,False,False,False,False,False,False,False,False,False,False,False,False,False,False,False,True,False,False,False,False,False,False,False,False,False,False,False,False,False,False,False,False,False,False,False,False,False,False,False,False,False,False,False,False,False,False,False,False,False,False,False,False,False,False,False,False,False,False,False,False,False,76.0,70.75225764776708,False
2015.0,1,0.46398891966759,22.0,0.0,0.0,0.2683228978655919,0.0,31.8,32.0,88.0,0.0146969204726966,87.0,6.2,-0.8979929067508908,0.0121940751113842,5.6,5.5,0.507,0.497584541062802,False,False,False,False,False,False,False,False,False,False,False,False,False,False,False,False,False,False,False,False,False,False,False,False,False,False,False,False,False,False,False,False,False,False,False,False,False,False,False,False,False,False,False,False,False,False,False,False,False,False,False,False,False,False,False,False,False,False,False,False,False,False,False,False,False,False,False,False,False,False,False,False,False,False,False,False,True,67.0,65.46806847550396,False
2005.0,1,0.0318559556786703,0.0,-0.9456636881974366,25.31155956,0.0911985935729163,0.0,42.1,0.0,9.0,0.8411591757203445,89.0,0.1,-0.903321568803167,0.0003631391871786,1.3,1.3,0.465,0.4009661835748792,False,False,False,False,False,False,False,False,False,False,False,False,False,False,False,False,False,False,False,False,False,False,False,False,False,False,False,False,False,False,False,False,False,False,False,False,False,False,False,False,False,False,False,False,False,False,False,False,False,False,False,False,False,False,False,False,False,False,False,False,False,False,False,False,False,False,False,False,False,False,False,False,False,False,False,False,False,67.4,67.46428529090291,False
2002.0,1,0.2908587257617728,0.0,1.7563341443406042,7.806042825,0.0,0.0,54.6,0.0,94.0,-0.4650616005125155,94.0,0.1,-0.8230005802621871,0.0001065811439182,2.3,2.4,0.791,0.7439613526570048,False,False,False,False,False,False,False,False,False,False,False,False,False,False,False,False,False,False,False,False,False,False,False,False,False,False,False,False,False,False,False,False,False,False,False,False,False,False,False,False,False,False,False,False,False,False,False,False,False,False,False,False,False,False,False,False,False,False,False,False,False,False,False,False,False,False,False,False,False,False,False,False,False,False,False,False,False,71.2,73.81500460913703,False
2015.0,1,0.296398891966759,0.0,0.0,0.0,0.6225715064509428,0.0,46.7,1.0,92.0,0.0146969204726966,95.0,0.3,-0.1799754215857806,0.0005939440430329,5.5,5.3,0.638,0.497584541062802,False,False,False,False,False,False,False,False,False,False,False,False,False,False,False,False,False,False,False,False,False,False,False,False,False,False,False,False,True,False,False,False,False,False,False,False,False,False,False,False,False,False,False,False,False,False,False,False,False,False,False,False,False,False,False,False,False,False,False,False,False,False,False,False,False,False,False,False,False,False,False,False,False,False,False,False,False,66.2,72.0819711808709,False
2012.0,1,0.4944598337950138,72.0,0.928879231540675,256.1225243,-0.2630500150124346,4458.0,21.5,110.0,75.0,-1.137830829742818,75.0,2.6,-0.0974944552893462,0.0002006253755914,8.8,8.6,0.508,0.497584541062802,False,True,False,False,False,False,False,False,False,False,False,False,False,False,False,False,False,False,False,False,False,False,False,False,False,False,False,False,False,False,False,False,False,False,False,False,False,False,False,False,False,False,False,False,False,False,False,False,False,False,False,False,False,False,False,False,False,False,False,False,False,False,False,False,False,False,False,False,False,False,False,False,False,False,False,False,False,56.0,64.10482500949662,False
2012.0,1,0.0180055401662049,1.0,-1.0452647425159467,1055.835493,0.7554147346704495,13.0,52.3,1.0,99.0,-1.478584075716607,98.0,0.1,2.268304998128889,0.0098568225419297,7.0,6.8,0.797,0.6618357487922705,False,False,False,False,False,False,False,False,False,False,False,False,False,False,False,False,False,False,False,False,False,False,False,False,False,False,False,False,False,False,False,False,False,False,False,False,False,False,False,False,False,False,False,False,False,False,False,False,False,False,False,False,False,False,False,False,False,False,False,False,False,False,False,False,False,False,False,False,False,False,False,False,False,False,False,False,False,76.0,73.90278916136141,False
2010.0,1,0.2590027700831025,0.0,-0.8945862244443545,29.5207994,-3.1856010358415805,0.0,46.4,0.0,94.0,0.6838884468093646,9.0,0.1,-0.6918165370390162,4.0765639378737374e-05,1.2,1.2,0.492,0.4492753623188406,False,False,False,False,False,False,False,False,False,False,False,False,False,False,False,False,False,False,False,False,False,False,False,False,False,False,False,False,False,False,False,False,False,False,False,False,False,False,False,False,False,False,False,False,False,False,False,False,False,False,False,False,False,False,False,False,False,False,False,False,False,False,False,False,False,False,False,False,False,False,False,False,False,False,False,False,False,68.3,67.86881911226997,False
2012.0,1,0.2160664819944598,2.0,-0.2484563079678665,334.8174246,0.7554147346704495,0.0,51.7,3.0,99.0,1.090171163162729,98.0,0.1,-0.5989037241835684,0.0004542101433814,1.8,1.7,0.625,0.5555555555555556,False,False,False,False,False,False,False,False,False,False,False,False,False,False,False,False,False,False,False,False,False,False,False,False,False,False,False,False,False,False,False,False,False,False,False,False,False,False,False,False,False,False,False,False,False,False,False,True,False,False,False,False,False,False,False,False,False,False,False,False,False,False,False,False,False,False,False,False,False,False,False,False,False,False,False,False,False,73.9,74.26076944941708,False
2008.0,1,0.3240997229916897,6.0,-0.5625827100493213,34.23979419,0.6668525825241117,0.0,42.7,8.0,96.0,-1.7363333258762688,96.0,0.1,-0.8487120119278962,0.0038147332964174,3.2,3.3,0.0,0.5072463768115942,False,False,False,False,False,False,False,False,False,False,False,False,False,False,False,False,False,False,False,False,False,False,False,False,False,False,False,False,False,False,False,False,False,False,False,False,False,False,False,False,False,False,False,False,False,False,False,False,False,False,False,False,False,False,False,False,False,False,False,False,False,False,False,False,False,False,False,False,False,False,False,True,False,False,False,False,False,64.5,71.90022553464748,False
2001.0,1,0.2160664819944598,0.0,-0.830739394753002,330.1007394,0.4454472021582674,4.0,66.2,0.0,91.0,-0.1068338291041725,89.0,0.1,-0.5907562565872587,7.618834833705175e-05,0.1,0.1,0.674,0.6376811594202898,False,False,False,False,False,False,False,False,False,False,False,False,False,False,False,False,False,False,False,False,False,False,False,False,False,False,False,False,False,False,False,False,False,False,False,False,False,False,False,False,False,False,False,False,False,False,False,False,False,False,False,False,False,False,False,False,False,False,False,False,False,False,False,False,False,False,False,False,False,True,False,False,False,False,False,False,False,71.8,74.45446502209778,False
2013.0,0,0.0110803324099723,0.0,2.004059843543052,0.0,0.7996958107436184,15.0,65.1,0.0,99.0,0.6926257095266414,98.0,0.1,0.4180398276407497,0.0098568225419297,1.8,1.9,0.677,0.5793619706663184,False,False,False,False,False,False,False,False,False,False,False,False,False,False,False,False,False,False,False,False,False,False,False,False,False,False,False,False,False,False,False,False,False,False,False,False,False,False,False,False,False,False,False,False,False,False,False,False,False,False,False,False,False,False,False,False,False,False,False,False,False,False,False,False,False,False,False,False,False,False,False,False,False,False,False,False,False,78.2,76.71243185355014,False
2006.0,1,0.0484764542936288,5.0,-0.3531651086616847,21.53374936,0.0,0.0,2.7,8.0,74.0,-0.0150925705727677,71.0,5.6,-0.8443379865026001,0.0010917995825913,8.9,8.8,0.388,0.4009661835748792,False,False,False,False,False,False,False,False,False,False,False,False,False,False,False,False,False,False,False,False,False,False,False,False,False,False,False,False,False,False,False,False,False,False,False,False,False,False,False,False,False,False,False,False,False,False,False,False,False,False,False,False,False,False,False,False,False,False,False,False,False,False,False,False,False,False,False,False,False,False,False,False,False,False,False,False,False,54.4,59.55725646557188,False
2003.0,1,0.0554016620498614,567.0,1.3145140828764443,30.19550849,0.0,141258.0,18.3,918.0,42.0,-0.6135950667062186,29.0,5.4,-0.8275914990021843,0.1019991146486828,13.5,13.6,0.0,0.3913043478260869,False,False,False,False,False,False,False,False,False,False,False,False,False,False,False,False,False,False,False,False,False,False,False,False,False,False,False,False,False,False,False,False,False,False,False,False,False,False,False,False,False,False,False,False,False,False,False,False,False,False,False,False,False,False,False,False,False,False,False,False,False,False,False,False,False,False,False,False,False,False,False,False,False,False,False,False,False,48.1,40.74826250196445,False
2002.0,1,0.1869806094182825,0.0,-1.172958401898652,36.48024032,0.0,0.0,53.5,0.0,93.0,1.0595907436522607,93.0,0.1,-0.8805607826500516,5.394249757890978e-05,2.5,2.5,0.0,0.0,False,False,False,False,False,False,False,False,False,False,False,False,False,False,False,False,False,False,False,False,False,False,False,False,False,False,False,False,False,False,False,False,False,False,False,False,False,False,False,False,False,False,False,False,False,False,False,False,False,False,False,False,False,False,False,False,False,False,False,False,False,False,False,False,False,False,False,False,False,False,False,False,False,False,False,False,False,73.4,72.29585043377604,False
2015.0,1,0.1121883656509695,2.0,0.0,0.0,0.7111336585972806,9.0,63.8,2.0,96.0,0.0146969204726966,96.0,0.1,1.5206333993825485,0.01372842282707,0.8,0.8,0.845,0.7874396135265701,False,False,False,False,False,False,False,False,False,False,False,False,False,False,False,False,False,False,False,False,False,False,False,False,False,False,False,False,False,False,False,False,False,False,False,False,False,False,False,False,False,False,False,False,False,False,False,False,False,False,False,False,False,False,False,False,False,False,False,False,False,False,False,False,False,False,False,False,False,False,False,False,False,False,False,False,False,85.0,76.2063054333443,False
2013.0,1,0.0498614958448753,7.0,-1.172958401898652,0.0,-0.4401743193051101,740.0,55.2,9.0,5.0,-1.1596739865360095,41.0,0.1,0.4180398276407497,0.0015373441776039,6.3,6.1,0.635,0.6280193236714976,False,False,False,False,False,False,False,False,False,False,False,False,False,False,False,False,False,False,False,False,False,False,False,False,False,False,False,False,False,False,False,False,False,False,False,False,False,False,False,False,False,False,False,False,False,False,False,False,False,False,False,False,False,False,False,False,False,False,False,False,False,False,False,False,False,False,True,False,False,False,False,False,False,False,False,False,False,63.6,65.36382708374647,False
2008.0,1,0.3975069252077562,45.0,-0.0262693406419595,107.7988339,0.5340093543046052,395.0,15.6,80.0,92.0,0.3780842517046815,93.0,1.5,-0.8173869758923028,0.0113533924856711,9.5,9.1,0.345,0.2608695652173913,False,False,False,False,False,False,False,False,False,True,False,False,False,False,False,False,False,False,False,False,False,False,False,False,False,False,False,False,False,False,False,False,False,False,False,False,False,False,False,False,False,False,False,False,False,False,False,False,False,False,False,False,False,False,False,False,False,False,False,False,False,False,False,False,False,False,False,False,False,False,False,False,False,False,False,False,False,56.1,64.2724394627658,False
2012.0,1,0.4058171745152354,14.0,-1.172958401898652,41.60027954,0.1354796696460852,238.0,22.6,21.0,84.0,-0.3471085538292805,84.0,1.7,-0.8184720185422695,0.0053015410656024,7.0,6.8,0.464,0.5797101449275363,False,False,False,False,False,False,False,False,False,False,False,False,False,False,False,False,False,False,False,False,False,False,False,False,False,False,False,False,False,False,False,False,False,False,False,False,False,False,False,False,False,False,False,False,False,False,False,False,False,False,False,False,False,False,False,False,False,False,False,False,False,False,False,False,False,False,False,False,True,False,False,False,False,False,False,False,False,58.9,66.12615280982563,False
2014.0,1,0.1980609418282548,44.0,0.6939228982764974,83.16465362,0.6668525825241117,876.0,55.3,49.0,96.0,1.0552221122936225,93.0,0.1,-0.7000065440854748,0.0187138584145543,2.7,2.7,0.747,0.7342995169082125,False,False,False,False,False,False,False,False,False,False,False,False,False,False,False,False,False,False,False,False,False,False,False,False,False,False,False,False,False,False,False,False,False,False,False,False,False,False,False,False,False,False,False,False,False,False,False,False,False,False,False,False,False,False,False,False,False,False,False,False,False,False,False,False,False,False,False,False,False,False,False,False,False,False,False,False,False,74.8,75.27681045136588,False
2003.0,1,0.002770083102493,18.0,0.5202595215160183,44.25687135,0.0,0.0,36.5,25.0,56.0,-0.2553672952978756,53.0,4.6,-0.8602711985016008,0.0069377854898994,4.5,4.6,0.447,0.3913043478260869,False,False,False,False,False,False,False,False,False,False,False,False,False,False,False,False,False,False,False,False,False,False,False,False,False,False,False,False,False,False,False,False,False,False,False,False,False,False,False,False,False,False,False,False,False,False,False,False,False,False,False,False,False,False,False,False,False,False,False,False,False,False,False,False,False,False,False,False,False,False,False,False,False,False,False,False,False,59.7,63.51758702896656,False
2008.0,0,0.1191135734072022,0.0,1.49839295238754,7191.051507,0.7554147346704495,98.0,61.3,1.0,99.0,1.614406926199328,99.0,0.1,2.268304998128889,0.0001390715401302,0.8,0.8,0.874,0.7632850241545894,False,False,False,False,False,False,False,False,False,False,False,False,False,False,False,False,False,False,False,False,False,False,False,False,False,False,False,False,False,False,False,False,False,False,False,False,False,False,False,False,False,False,False,False,False,False,False,False,False,False,False,False,False,False,False,False,False,False,False,False,False,False,False,False,False,False,False,False,False,False,False,False,False,False,False,False,False,79.5,82.87101009018544,False
2012.0,0,0.242382271468144,0.0,2.691051731022006,1807.071336,0.5340093543046052,0.0,6.9,0.0,93.0,0.3343979381182984,93.0,0.1,1.6436882063810307,0.0023091684639641,2.7,2.7,0.83,0.7971014492753623,False,False,False,False,False,False,False,False,False,False,False,False,False,False,False,False,False,False,False,False,False,False,False,False,False,False,False,False,False,False,False,False,False,False,False,False,False,False,False,True,False,False,False,False,False,False,False,False,False,False,False,False,False,False,False,False,False,False,False,False,False,False,False,False,False,False,False,False,False,False,False,False,False,False,False,False,False,73.0,71.65634914778074,False
2003.0,1,0.1274238227146814,0.0,-1.1678506555233434,159.0098727,0.7996958107436184,0.0,65.5,1.0,99.0,-1.168411249253286,99.0,0.1,-0.5132731561119114,0.0098568225419297,3.2,3.0,0.788,0.6811594202898551,False,False,False,False,False,False,False,False,False,False,False,False,False,False,False,False,False,False,False,False,False,False,False,False,False,False,False,False,False,False,False,False,False,False,False,False,False,False,False,False,False,False,False,False,False,False,False,False,False,False,False,False,False,False,False,False,False,False,False,False,False,False,False,False,False,False,False,False,False,False,False,False,False,False,False,False,False,73.4,74.22824256231546,False
2008.0,1,0.1814404432132964,1.0,1.260882745935708,96.33237912,0.5340093543046052,2.0,55.8,1.0,95.0,-1.9241844742977168,95.0,0.1,-0.7991572778716686,0.0005682132691928,2.3,2.4,0.749,0.6521739130434783,False,False,False,False,False,False,False,False,False,False,False,False,False,False,False,False,False,False,False,False,False,False,False,False,False,False,False,False,False,False,False,False,False,False,False,False,False,False,False,False,False,False,False,False,False,False,False,False,False,False,False,False,False,False,False,False,False,False,False,False,False,False,False,False,False,False,False,False,False,False,False,False,False,False,False,False,False,74.0,74.3665908862831,False
2007.0,1,0.260387811634349,0.0,3.388259111251576,1904.12469,0.6225715064509428,1.0,56.3,0.0,95.0,-0.3252653970360889,95.0,0.1,2.0448019705018123,1.0382891258203773e-05,2.0,2.1,0.829,0.7777777777777778,False,False,False,False,False,False,False,False,False,False,False,False,False,False,False,False,False,False,False,False,False,False,False,False,False,False,False,False,False,False,False,False,False,False,False,False,False,False,False,False,False,False,False,False,False,False,False,False,False,False,False,False,False,False,False,False,False,False,False,False,False,False,False,False,False,False,False,False,False,False,False,False,False,False,False,False,False,73.0,77.60422327832238,False
2015.0,1,0.2409972299168975,0.0,0.0,0.0,0.5782904303777741,0.0,5.9,0.0,94.0,0.0146969204726966,94.0,0.2,-0.0525070765391311,0.0002776608021493,3.5,3.4,0.706,0.6183574879227054,False,False,False,False,False,True,False,False,False,False,False,False,False,False,False,False,False,False,False,False,False,False,False,False,False,False,False,False,False,False,False,False,False,False,False,False,False,False,False,False,False,False,False,False,False,False,False,False,False,False,False,False,False,False,False,False,False,False,False,False,False,False,False,False,False,False,False,False,False,False,False,False,False,False,False,False,False,71.0,68.39848319825329,False
2002.0,0,0.3019390581717451,0.0,0.7245693765283467,376.4570185,0.7554147346704495,0.0,56.0,0.0,98.0,0.168389946490042,97.0,0.1,-0.1807510972733447,0.0001786430774549,2.7,2.7,0.746,0.7149758454106281,False,False,False,False,False,False,False,False,False,False,False,False,False,False,False,False,False,False,False,False,False,False,False,False,False,False,False,False,False,False,False,False,False,False,False,False,False,True,False,False,False,False,False,False,False,False,False,False,False,False,False,False,False,False,False,False,False,False,False,False,False,False,False,False,False,False,False,False,False,False,False,False,False,False,False,False,False,73.0,74.26244408568122,False
2004.0,1,0.46398891966759,3.0,0.4283200867604708,44.54768305,0.0,38.0,19.8,4.0,48.0,-1.5310076520202671,38.0,4.4,-0.7967314098339178,0.0005601714362657,1.0,1.0,0.553,0.4106280193236715,False,False,False,False,False,False,False,False,False,False,False,False,False,False,False,False,False,False,False,False,False,False,False,False,False,False,False,False,False,False,False,False,False,False,False,False,False,False,False,False,False,False,False,False,False,False,False,False,False,False,False,False,False,False,False,False,False,False,False,False,False,False,False,False,False,False,False,False,False,False,False,False,False,False,False,False,False,54.1,61.719954842370086,False
2015.0,1,0.2091412742382271,2.0,0.0,0.0,-0.2187689389392657,43.0,17.4,2.0,75.0,0.0146969204726966,76.0,0.1,-0.7115949001032319,9.6566144296096e-05,1.9,11.1,0.603,0.6038647342995169,False,False,False,False,False,False,False,False,False,False,False,False,False,False,False,False,False,False,False,False,False,False,False,False,False,False,False,False,False,False,False,False,False,False,False,False,False,False,False,False,False,False,False,False,False,False,False,False,False,False,False,False,False,False,False,False,False,False,False,False,False,False,False,False,False,False,False,True,False,False,False,False,False,False,False,False,False,68.3,67.13034629888496,False
2000.0,1,0.2520775623268698,0.0,1.80996548128134,0.0,0.0,0.0,36.8,0.0,7.0,-0.1636260367664707,7.0,0.4,0.4180398276407497,0.0098568225419297,4.5,4.5,0.0,0.6183574879227054,False,False,False,False,False,False,False,False,False,False,False,False,False,False,False,False,False,False,False,False,False,False,False,False,False,False,False,False,False,False,False,False,False,False,False,False,False,False,False,False,False,False,False,False,False,False,False,False,False,False,False,False,False,False,False,False,False,False,False,False,False,False,False,False,False,False,False,False,False,False,False,False,False,False,False,False,False,71.6,62.15480913529326,False
2009.0,0,0.0831024930747922,2.0,0.6760457859629186,5243.316638,0.6668525825241117,351.0,6.5,2.0,96.0,1.5314029303852,96.0,0.1,2.268304998128889,0.0046336809461022,0.5,0.5,0.868,0.7874396135265701,False,False,False,False,False,False,False,False,False,False,False,False,False,False,False,False,False,False,False,False,False,False,False,False,False,False,False,False,False,False,False,False,False,False,False,False,False,False,False,False,False,False,False,False,False,False,False,False,False,False,False,False,False,False,False,False,False,False,False,False,False,False,False,False,False,False,False,False,False,False,False,False,False,False,False,False,False,81.6,74.76863076944922,False
2008.0,1,0.1163434903047091,1.0,-0.7004918621826427,4003.908598,0.4897282782314363,55.0,54.8,1.0,94.0,-1.299470190012436,92.0,0.1,2.268304998128889,0.0098568225419297,5.1,4.9,0.829,0.6328502415458936,False,False,False,False,False,False,False,False,False,False,False,False,False,False,False,False,False,False,False,False,False,False,False,False,False,False,False,False,False,False,False,False,False,False,False,False,False,False,False,False,False,False,False,False,False,False,False,False,False,False,False,False,False,False,False,False,False,False,False,False,False,False,False,False,False,False,False,False,False,False,False,False,False,False,False,False,False,75.8,76.65618165335444,False
2014.0,1,0.518005540166205,61.0,-1.172958401898652,54.91159475,-0.0859257107197591,9.0,22.2,84.0,79.0,0.4698255102360867,79.0,4.1,-0.8078218879506069,0.0210319227456006,3.6,3.5,0.409,0.4396135265700482,False,False,False,False,False,False,False,False,False,False,False,False,False,False,False,False,False,False,False,False,False,False,False,False,False,False,False,False,False,False,False,False,False,False,False,False,False,False,False,False,False,False,False,False,False,False,False,False,False,False,False,False,False,False,False,False,False,False,False,False,False,False,False,False,False,False,False,False,False,False,False,False,False,False,False,False,False,56.7,65.05544549719407,False
2003.0,1,0.1731301939058172,0.0,-0.5625827100493213,0.0,0.0,18.0,54.1,0.0,96.0,1.4265557777778803,96.0,0.1,0.4180398276407497,0.0098568225419297,2.7,2.7,0.0,0.5748792270531401,False,False,False,False,False,False,False,False,False,False,False,False,False,False,False,False,False,False,False,False,False,False,False,False,False,False,False,False,False,False,False,False,False,False,False,False,False,False,False,False,False,False,False,False,False,False,False,False,False,False,False,False,False,False,False,False,False,False,False,False,False,False,False,False,False,False,False,False,False,False,False,False,False,False,False,False,False,73.2,73.2183263481569,False
2011.0,1,0.0914127423822714,0.0,-0.6851686230567181,1079.893546,0.6668525825241117,0.0,23.1,0.0,96.0,0.9634808537622174,96.0,0.1,0.2419119972806883,2.650983848119617e-07,13.9,14.0,0.663,0.5700483091787439,False,False,False,False,False,False,False,False,False,False,False,False,False,False,False,False,False,False,False,False,False,False,False,False,False,False,False,False,False,False,False,False,False,False,False,False,False,False,False,False,True,False,False,False,False,False,False,False,False,False,False,False,False,False,False,False,False,False,False,False,False,False,False,False,False,False,False,False,False,False,False,False,False,False,False,False,False,77.3,68.06448370447897,False
2013.0,1,0.257617728531856,1000.0,-0.3812577137258799,67.67230438,-3.2741631879879183,13822.0,17.5,1300.0,82.0,-0.6004891726303035,83.0,0.2,-0.6596956552951406,0.0988176975291733,15.35,15.599999999999998,0.599,0.5555555555555556,False,False,False,False,False,False,False,False,False,False,False,False,False,False,False,False,False,False,False,False,False,False,False,False,False,False,False,False,False,False,False,False,False,False,False,False,False,False,False,False,False,False,False,False,False,False,False,False,False,False,False,False,False,False,False,False,False,False,False,False,False,False,False,False,False,False,False,False,False,False,False,False,False,False,False,False,False,67.6,68.89638245167826,False
2003.0,1,0.1814404432132964,1.0,-0.3174108840345273,70.54185252,-1.4586390689879942,216.0,47.5,2.0,74.0,1.129488845390474,75.0,0.1,-0.7533370033889529,3.068339905841073e-07,2.9,3.0,0.684,0.5700483091787439,False,False,False,False,False,False,False,False,False,False,False,False,False,False,False,False,False,False,False,False,False,False,False,False,False,False,False,False,False,False,False,False,False,False,False,False,False,False,False,False,False,False,False,False,False,False,False,False,False,False,False,False,False,False,False,False,False,False,False,False,False,False,False,False,False,False,False,False,False,False,False,False,False,False,False,False,False,72.7,70.02265341540242,False
2007.0,1,0.131578947368421,285.0,-0.184609478276514,312.6624819,0.4897282782314363,109023.0,25.7,332.0,94.0,-0.6922304311617083,93.0,0.1,-0.4375405342905984,0.001018542774119,4.7,4.1,0.659,0.5507246376811594,False,False,False,False,False,False,False,False,False,False,False,False,False,False,False,False,False,False,False,False,False,False,False,False,False,False,False,False,False,False,False,False,False,False,False,False,False,False,False,False,False,False,False,False,False,False,False,False,False,False,False,False,False,False,False,False,False,False,False,False,False,False,False,False,False,False,False,False,False,False,False,False,False,False,False,False,False,74.4,74.30908650643302,False
2000.0,1,0.242382271468144,7.0,0.5049362823900938,44.79247812,-0.5730175475246168,253.0,43.1,9.0,71.0,-0.0019866764968526,78.0,2.5,-0.8687342250825839,0.0066178666140241,3.8,3.7,0.651,0.5893719806763285,False,False,False,False,False,False,False,False,False,False,False,False,False,False,False,False,False,True,False,False,False,False,False,False,False,False,False,False,False,False,False,False,False,False,False,False,False,False,False,False,False,False,False,False,False,False,False,False,False,False,False,False,False,False,False,False,False,False,False,False,False,False,False,False,False,False,False,False,False,False,False,False,False,False,False,False,False,72.0,67.91688492799288,False
2000.0,1,0.1939058171745152,1.0,0.709246137402422,11.85928108,0.0,38.0,51.2,2.0,98.0,0.2732370990973619,95.0,0.1,-0.90363220955985,0.0058092191572675,2.8,2.9,0.702,0.6280193236714976,False,False,False,False,False,False,False,False,False,False,False,False,False,False,False,False,False,False,False,False,False,False,False,False,False,False,False,False,False,False,False,False,False,False,False,False,False,False,False,False,False,False,False,False,False,False,False,False,False,False,False,False,False,False,False,False,False,False,False,False,False,False,False,False,False,False,False,False,False,False,False,False,False,False,False,False,False,72.6,72.87976963680931,False
2005.0,1,0.2368421052631579,0.0,1.503500698762848,0.0,0.5340093543046052,0.0,58.1,0.0,93.0,0.0198564802963389,93.0,0.1,0.4180398276407497,0.0098568225419297,2.6,2.5,0.786,0.5990338164251208,False,False,False,False,False,False,False,False,False,False,False,False,False,False,False,False,False,False,False,False,False,False,False,False,False,False,False,False,False,False,False,False,False,False,False,False,False,False,False,False,False,False,False,False,False,False,False,False,False,False,False,False,False,False,False,False,False,False,False,False,False,False,False,False,False,False,False,False,False,False,False,False,False,False,False,False,False,74.1,74.41022653175249,False
2003.0,1,0.0290858725761772,38.0,-1.1244348113332236,2.79096532,-3.4955685683537623,13344.0,12.9,50.0,76.0,-0.1854691935596623,78.0,0.1,-0.8738629406933466,0.0019287947902463,15.35,15.599999999999998,0.457,0.4444444444444444,False,False,False,False,False,False,False,False,False,False,False,False,False,False,False,False,False,False,False,False,False,False,False,False,False,False,False,False,False,False,False,False,False,False,False,False,False,False,False,False,False,False,False,False,False,False,False,False,False,False,False,False,False,False,False,False,False,False,False,False,False,False,False,False,False,False,False,False,False,False,False,False,False,False,False,False,False,64.3,62.62261311642338,False
2001.0,1,0.4764542936288088,14.0,-0.932894322259166,2.048574874,0.0,1833.0,17.1,22.0,51.0,-0.7053363252376235,5.0,5.3,-0.914443058032302,0.0003950530137257,9.2,9.1,0.426,0.4541062801932367,False,False,False,False,False,False,False,False,False,False,False,False,False,False,False,False,False,False,False,False,False,False,False,False,False,False,False,False,False,False,False,False,False,False,False,False,False,False,False,False,False,False,False,False,False,False,False,False,False,False,False,False,False,False,False,False,False,False,False,False,False,False,False,False,False,False,False,False,True,False,False,False,False,False,False,False,False,54.6,55.59353004567167,False
2008.0,1,0.2313019390581717,9.0,0.9135559924147502,0.0,-1.2372336886221498,0.0,58.2,10.0,76.0,-0.8407638973554117,5.0,0.1,0.4180398276407497,0.0098568225419297,1.6,1.5,0.745,0.6473429951690821,False,False,False,False,False,False,False,False,False,False,False,False,False,False,False,False,False,False,False,False,False,False,False,False,False,False,False,False,False,False,False,False,False,False,False,False,False,False,False,False,False,False,False,False,False,False,False,False,False,False,False,False,False,False,False,False,False,False,False,False,False,False,False,False,False,False,False,False,False,False,False,False,False,False,False,False,False,73.2,69.05881006005522,False
2009.0,1,0.3462603878116344,2.0,-1.132096430896186,56.98952474,0.0911985935729163,1.0,21.1,2.0,84.0,-0.9106619990936248,83.0,0.1,-0.7800771674948795,0.0005203177971613,7.2,7.0,0.465,0.497584541062802,False,False,False,False,False,False,False,False,False,False,False,False,False,False,False,False,False,False,False,False,False,False,False,False,False,False,False,False,False,False,False,False,False,False,False,False,False,False,False,False,False,False,False,False,False,False,False,False,False,False,False,False,False,False,False,False,False,False,False,False,False,False,False,False,False,False,False,False,False,False,False,False,False,False,False,False,False,61.3,67.04936596615785,False
2008.0,1,0.1357340720221606,1.0,-0.0977777898962745,1859.095621,0.3568850500119296,0.0,53.4,1.0,89.0,1.395975358267412,9.0,0.1,0.315819211193961,0.0003423278046485,1.9,1.8,0.74,0.6231884057971014,False,False,False,False,False,False,False,False,False,False,False,False,True,False,False,False,False,False,False,False,False,False,False,False,False,False,False,False,False,False,False,False,False,False,False,False,False,False,False,False,False,False,False,False,False,False,False,False,False,False,False,False,False,False,False,False,False,False,False,False,False,False,False,False,False,False,False,False,False,False,False,False,False,False,False,False,False,78.9,70.32833030894169,False
2010.0,0,0.1038781163434903,2.0,1.6848256950862892,7584.078579,0.3126039739387607,780.0,59.9,3.0,94.0,2.3352311003746524,95.0,0.1,2.268304998128889,0.0063203620770933,1.1,1.1,0.907,0.8067632850241545,False,False,False,False,False,False,False,False,False,False,False,False,False,False,False,False,False,False,False,False,False,False,False,False,False,True,False,False,False,False,False,False,False,False,False,False,False,False,False,False,False,False,False,False,False,False,False,False,False,False,False,False,False,False,False,False,False,False,False,False,False,False,False,False,False,False,False,False,False,False,False,False,False,False,False,False,False,81.0,82.80241237841325,False
2011.0,1,0.038781163434903,28.0,-1.1193270649579157,42.2547904,-0.7944229278904611,11.0,21.2,43.0,63.0,-0.5131165454575369,63.0,2.0,-0.8371280224542724,8.770892129334067e-05,8.0,8.0,0.385,0.4057971014492754,False,False,False,False,False,False,False,False,False,False,False,False,False,False,False,False,False,False,False,False,False,False,False,False,False,False,False,False,False,False,False,False,False,False,False,False,False,False,False,False,False,False,False,False,False,False,False,False,False,False,False,False,False,False,False,False,False,False,False,False,False,False,False,False,False,False,False,False,False,False,False,False,False,False,False,False,False,58.1,62.91511799287922,False
2004.0,0,0.1246537396121883,1.0,1.901904916036888,5160.508378,-0.7501418518172922,61.0,59.8,1.0,96.0,1.4920852481574554,95.0,0.1,2.268304998128889,0.0010983443438817,0.8,0.8,0.88,0.9082125603864736,False,False,False,False,False,False,False,False,False,False,False,False,False,False,False,False,False,False,False,False,False,False,False,False,False,False,False,False,False,False,False,False,False,False,False,False,False,False,False,False,False,False,False,False,False,False,False,False,False,False,False,False,False,False,False,False,False,False,False,False,False,False,False,False,False,False,False,False,False,False,False,False,False,False,False,False,False,78.8,80.54774894503673,False
2009.0,1,0.296398891966759,6.0,-0.5753520759875916,37.88466056,0.7111336585972806,0.0,43.4,8.0,97.0,-1.7581764826694604,96.0,0.1,-0.8412081057454853,4.452570830617234e-06,3.2,3.3,0.0,0.5072463768115942,False,False,False,False,False,False,False,False,False,False,False,False,False,False,False,False,False,False,False,False,False,False,False,False,False,False,False,False,False,False,False,False,False,False,False,False,False,False,False,False,False,False,False,False,False,False,False,False,False,False,False,False,False,False,False,False,False,False,False,False,False,False,False,False,False,False,False,False,False,False,False,True,False,False,False,False,False,65.6,72.09228855401612,False
2013.0,1,0.3781163434903047,7.0,-1.172958401898652,0.0,0.1797607457192541,124.0,26.2,10.0,85.0,-0.0019866764968526,85.0,3.0,0.4180398276407497,0.0098568225419297,7.7,7.4,0.576,0.536231884057971,False,False,False,False,False,False,False,False,False,False,False,True,False,False,False,False,False,False,False,False,False,False,False,False,False,False,False,False,False,False,False,False,False,False,False,False,False,False,False,False,False,False,False,False,False,False,False,False,False,False,False,False,False,False,False,False,False,False,False,False,False,False,False,False,False,False,False,False,False,False,False,False,False,False,False,False,False,63.9,66.03578394057884,False
2006.0,0,0.1274238227146814,0.0,1.6388559777085154,850.9544783,0.0,27.0,55.4,0.0,93.0,1.7542031296757548,93.0,0.1,0.0148621884886861,0.0042023411418023,1.2,0.9,0.902,0.8164251207729468,False,False,False,False,False,False,False,False,False,False,False,False,False,False,False,False,True,False,False,False,False,False,False,False,False,False,False,False,False,False,False,False,False,False,False,False,False,False,False,False,False,False,False,False,False,False,False,False,False,False,False,False,False,False,False,False,False,False,False,False,False,False,False,False,False,False,False,False,False,False,False,False,False,False,False,False,False,78.1,75.32884923545406,False
2007.0,1,0.020775623268698,5.0,-0.3684883477876093,222.4823338,0.5340093543046052,0.0,44.3,6.0,94.0,0.8673709638721743,94.0,0.7,-0.6346102641844767,0.0006012539570957,2.4,2.3,0.59,0.5265700483091788,False,False,False,False,False,False,False,False,False,False,False,False,False,False,False,False,False,False,False,False,False,False,False,False,False,False,False,False,False,True,False,False,False,False,False,False,False,False,False,False,False,False,False,False,False,False,False,False,False,False,False,False,False,False,False,False,False,False,False,False,False,False,False,False,False,False,False,False,False,False,False,False,False,False,False,False,False,73.0,72.00871020903664,False
2002.0,1,0.3614958448753462,1.0,1.947874633414662,145.4233629,0.7996958107436184,14.0,55.3,1.0,99.0,0.2470253109455317,99.0,0.1,-0.6548371902562938,0.0076248741304367,2.5,2.7,0.687,0.6570048309178743,False,False,False,False,False,False,False,False,False,False,False,False,False,False,False,False,False,False,False,False,False,False,False,False,False,False,False,False,False,False,False,False,False,False,False,False,False,False,False,False,False,False,False,False,False,False,False,False,False,False,False,False,False,False,False,False,False,False,False,False,False,False,False,False,False,False,False,False,False,False,False,False,False,False,False,False,False,67.2,74.62366223858437,False
2008.0,1,0.6038781163434903,60.0,-0.4885203876073522,0.0,-0.3073310910856034,12.0,23.8,85.0,58.0,0.1334408956209353,74.0,4.1,0.4180398276407497,0.0098568225419297,6.6,6.6,0.677,0.5793619706663184,False,False,False,False,False,False,False,False,False,False,False,False,False,False,True,False,False,False,False,False,False,False,False,False,False,False,False,False,False,False,False,False,False,False,False,False,False,False,False,False,False,False,False,False,False,False,False,False,False,False,False,False,False,False,False,False,False,False,False,False,False,False,False,False,False,False,False,False,False,False,False,False,False,False,False,False,False,54.0,62.98165198657186,False
2001.0,0,0.0,1.0,1.6363021045208612,2943.375396,-3.3184442640610867,83.0,58.5,1.0,96.0,1.042116218217707,95.0,0.1,2.268304998128889,9.941034854130888e-05,0.8,0.8,0.873,0.8792270531400965,False,False,False,False,False,False,False,False,False,False,False,False,False,False,False,False,False,False,False,False,False,False,False,False,False,False,False,False,False,False,False,False,False,False,False,False,False,False,False,False,False,False,False,False,False,False,False,False,False,False,False,False,False,False,False,False,False,False,False,False,False,False,False,False,False,False,False,False,False,False,False,False,False,False,False,False,False,78.0,78.09624523117795,False
2014.0,1,0.5277008310249308,2.0,-1.172958401898652,574.3895102,0.7554147346704495,0.0,31.8,3.0,98.0,1.461504828646987,98.0,7.3,-0.3001225281717135,0.0001001368572343,4.3,4.3,0.541,0.5507246376811594,False,False,False,False,False,False,False,False,False,False,False,False,False,False,False,False,False,False,False,False,False,False,False,False,False,False,False,False,False,False,False,False,False,False,False,False,False,False,False,False,False,False,False,False,False,False,False,False,False,False,False,False,False,False,False,False,False,False,False,False,False,False,False,True,False,False,False,False,False,False,False,False,False,False,False,False,False,58.4,66.47028818186847,False
2009.0,0,0.0110803324099723,0.0,1.5111623183258105,3505.389434,0.0,0.0,56.4,0.0,96.0,1.5182970363092856,96.0,0.1,2.268304998128889,0.0001852094794297,1.7,1.7,0.873,0.8164251207729468,False,False,False,False,False,False,False,False,False,False,False,False,False,False,False,False,False,False,False,False,False,False,False,False,False,False,False,False,False,False,False,False,False,False,False,False,False,False,False,False,False,False,False,False,False,False,False,False,False,False,False,False,False,False,False,False,False,False,False,True,False,False,False,False,False,False,False,False,False,False,False,False,False,False,False,False,False,79.1,78.6326983826719,False
2003.0,1,0.2008310249307479,20.0,-1.0886805867060665,25.0185226,0.0,15374.0,47.0,23.0,87.0,-1.006771888983668,87.0,0.1,-0.8666056603546314,0.0025068259742562,6.3,6.1,0.663,0.5555555555555556,False,False,False,False,False,False,False,False,False,False,False,False,False,False,False,False,False,False,False,False,False,False,False,False,False,False,False,False,False,False,False,False,False,False,False,False,False,False,False,False,False,False,False,False,False,False,False,False,False,False,False,False,False,False,False,False,False,False,False,False,False,False,False,False,False,False,False,False,False,False,False,False,False,False,False,False,False,71.7,70.30622628840747,False
2002.0,1,0.461218836565097,3.0,0.3593655106938099,234.7874207,0.0,24.0,19.1,4.0,44.0,-1.487321338433884,36.0,2.9,-0.4347161893917442,5.148396124629506e-05,1.4,1.3,0.542,0.3961352657004831,False,False,False,False,False,False,False,False,False,False,False,False,False,False,False,False,False,False,False,False,False,False,False,False,False,False,False,False,False,False,False,False,False,False,False,False,False,False,False,False,False,False,False,False,False,False,False,False,False,False,False,False,False,False,False,False,False,False,False,False,False,False,False,False,False,False,False,False,False,False,False,False,False,False,False,False,False,53.5,62.34059394956883,False
2000.0,1,0.0581717451523545,93.0,-0.8843707316937383,47.17250718,0.0,7375.0,16.5,136.0,69.0,0.1115977388277437,7.0,12.2,-0.8695876161241304,0.0014434746171697,4.2,4.1,0.291,0.2608695652173913,False,False,False,False,False,False,False,False,False,False,False,False,False,False,False,False,False,False,False,False,False,False,False,False,False,False,False,False,False,False,False,False,False,False,False,False,False,False,False,False,False,False,False,False,False,False,False,False,False,False,False,False,False,False,False,False,False,False,False,False,False,False,False,False,False,False,False,False,False,False,False,False,False,False,False,False,False,49.0,52.44581901843806,False
2003.0,0,0.0083102493074792,3.0,0.8241704308468567,578.7254273,0.0,8286.0,23.4,5.0,97.0,0.915425908817196,97.0,0.1,-0.295825228654187,9.86846127298266e-05,1.7,1.4,0.863,0.7149758454106281,False,False,False,False,False,False,False,False,False,False,False,False,False,False,False,False,False,False,False,False,False,False,False,False,False,False,False,False,False,False,False,False,False,False,False,False,False,False,False,False,False,False,False,False,False,False,False,False,False,False,False,False,False,False,False,False,False,False,False,False,False,False,False,False,False,False,False,False,False,False,False,False,False,False,False,False,False,81.9,71.08735287162823,False
2005.0,0,0.1592797783933518,0.0,1.7844267494047992,167.2319899,0.0,2.0,57.5,0.0,96.0,0.4305078280083415,96.0,0.1,-0.700430315987383,3.406862041548476e-06,1.8,1.8,0.777,0.6570048309178743,False,False,False,False,False,False,False,False,False,False,False,False,False,False,False,False,False,False,False,False,False,False,False,False,False,False,False,False,False,False,False,False,False,False,False,False,False,False,False,False,False,False,False,False,False,False,False,False,False,False,False,False,False,False,False,False,False,False,False,False,False,False,False,False,False,False,False,False,False,False,False,False,False,False,False,False,False,75.2,74.88271275270402,False
2015.0,1,0.4930747922437673,45.0,0.0,0.0,0.1354796696460852,1809.0,29.0,68.0,83.0,0.0146969204726966,84.0,3.5,-0.6968235128275014,0.0176483553551257,5.6,5.5,0.514,0.5024154589371981,False,False,False,False,False,False,False,False,False,False,False,False,False,False,False,False,False,False,False,False,False,False,False,False,False,False,False,False,False,False,False,False,False,False,False,False,False,False,False,False,False,False,False,False,False,False,False,False,False,False,False,False,False,False,False,False,False,False,False,False,False,False,False,False,False,False,False,False,False,False,False,False,False,False,False,False,False,57.3,66.11506096258618,False
2008.0,1,0.2991689750692521,4.0,-0.5293823586098179,0.0,0.7111336585972806,16.0,39.5,4.0,95.0,0.3475038321942135,95.0,0.2,0.4180398276407497,0.0098568225419297,3.3,3.4,0.624,0.608695652173913,False,False,False,False,False,False,False,False,False,False,False,False,False,False,False,False,False,False,False,False,False,False,False,False,False,False,False,False,False,False,False,False,False,False,False,True,False,False,False,False,False,False,False,False,False,False,False,False,False,False,False,False,False,False,False,False,False,False,False,False,False,False,False,False,False,False,False,False,False,False,False,False,False,False,False,False,False,67.6,71.75695132195487,False
2015.0,1,0.4903047091412743,60.0,0.0,0.0,-3.2298821119147494,79.0,22.6,81.0,8.0,0.0146969204726966,8.0,3.9,-0.8247938782647979,0.0002176875095363,3.6,3.5,0.414,0.4396135265700482,False,False,False,False,False,False,False,False,False,False,False,False,False,False,False,False,False,False,False,False,False,False,False,False,False,False,False,False,False,False,False,False,False,False,False,False,False,False,False,False,False,False,False,False,False,False,False,False,False,False,False,False,False,False,False,False,False,False,False,False,False,False,False,False,False,False,False,False,False,False,False,False,False,False,False,False,False,57.6,58.52045818718456,False
2009.0,1,0.0013850415512465,1300.0,-0.5370439781727802,0.844186331,-1.945730905792852,56188.0,15.4,1700.0,73.0,-0.6660186430098786,74.0,0.2,-0.91575144874456,0.0938487683737719,15.35,15.599999999999998,0.563,0.5072463768115942,False,False,False,False,False,False,False,False,False,False,False,False,False,False,False,False,False,False,False,False,False,False,False,False,False,False,False,False,False,False,False,False,False,False,False,False,False,False,False,False,False,False,False,False,False,False,False,False,False,False,False,False,False,False,False,False,False,False,False,False,False,False,False,False,False,False,False,False,False,False,False,False,False,False,False,False,False,66.0,67.35001775599385,False
2000.0,1,0.0512465373961218,43.0,-0.7668925650616494,20.65432873,0.0,23068.0,19.5,65.0,88.0,-1.2688897705019675,88.0,3.6,-0.8721852392223401,0.0146373941784054,9.2,9.2,0.48,0.3719806763285024,False,False,False,False,False,False,False,False,False,False,False,False,False,False,False,False,False,False,False,False,False,False,False,False,False,False,True,False,False,False,False,False,False,False,False,False,False,False,False,False,False,False,False,False,False,False,False,False,False,False,False,False,False,False,False,False,False,False,False,False,False,False,False,False,False,False,False,False,False,False,False,False,False,False,False,False,False,57.2,62.98575969754556,False
2012.0,0,0.1108033240997229,0.0,1.6209788653949366,3283.024864,0.0,2.0,58.2,0.0,96.0,1.5139284049506463,96.0,0.1,2.268304998128889,0.0001987271784104,1.5,1.5,0.877,0.8115942028985508,False,False,False,False,False,False,False,False,False,False,False,False,False,False,False,False,False,False,False,False,False,False,False,False,False,False,False,False,False,False,False,False,False,False,False,False,False,False,False,False,False,False,False,False,False,False,False,False,False,False,False,False,False,False,False,False,False,False,False,True,False,False,False,False,False,False,False,False,False,False,False,False,False,False,False,False,False,82.0,78.93955770512126,False
2014.0,1,0.0152354570637119,3.0,-0.8205239020023857,604.8701316,0.7554147346704495,15.0,6.2,3.0,98.0,0.4785627729533632,98.0,0.1,-0.1558523335277105,0.0008612714183457,6.5,6.4,0.722,0.7101449275362318,False,False,False,False,False,False,False,False,False,False,False,False,False,False,False,False,False,False,False,False,False,False,False,False,False,False,False,False,False,False,False,False,False,False,False,False,False,False,False,False,False,False,False,False,False,False,False,False,False,False,False,False,False,False,False,False,False,False,False,False,False,False,False,False,False,False,False,False,False,False,False,False,False,False,False,False,False,75.1,68.26529209472967,False
2005.0,1,0.2908587257617728,1500.0,-0.8511703802542347,3.5096369,-3.2298821119147494,36711.0,13.5,2000.0,65.0,-0.7097049565962616,65.0,0.3,-0.9052972549864452,0.8842682317704323,15.35,15.599999999999998,0.526,0.4541062801932367,False,False,False,False,False,False,False,False,False,False,False,False,False,False,False,False,False,False,False,False,False,False,False,False,False,False,False,False,False,False,False,False,False,False,False,False,False,False,False,False,False,False,False,False,False,False,False,False,False,False,False,False,False,False,False,False,False,False,False,False,False,False,False,False,False,False,False,False,False,False,False,False,False,False,False,False,False,64.4,62.798371340057955,False
2002.0,1,0.8601108033240997,5.0,-0.4221196847283455,3.53457351,0.0,0.0,25.9,7.0,84.0,0.4392450907256183,84.0,32.5,-0.910644873219142,0.0001486081260491,1.6,1.6,0.446,0.5024154589371981,False,False,False,False,False,False,False,False,False,False,False,False,False,False,False,False,False,False,False,False,False,False,False,False,False,False,False,False,False,False,False,False,False,False,False,False,False,False,False,False,False,False,False,False,False,False,False,False,False,False,False,False,False,False,False,False,False,False,False,False,False,False,False,False,False,False,False,False,False,False,False,False,False,False,False,False,False,46.4,46.94494440338278,False
2006.0,1,0.1842105263157895,12.0,-0.0977777898962745,448.7670462,0.5782904303777741,0.0,49.5,15.0,94.0,-0.6267009607821337,94.0,0.4,-0.3524554979575711,0.0216019708356842,1.2,1.2,0.693,0.6280193236714976,False,False,False,False,False,False,False,False,False,False,False,False,False,False,False,False,False,False,False,False,False,False,False,False,False,False,False,False,False,False,False,False,False,False,False,False,False,False,False,False,False,False,False,False,False,False,False,False,False,False,False,False,False,False,False,False,False,False,False,False,False,False,False,False,False,False,False,False,False,False,False,False,False,False,False,False,False,74.2,73.46616090640093,False
2010.0,1,0.1620498614958448,0.0,0.410442974446892,2331.532804,0.6225715064509428,0.0,61.2,1.0,95.0,1.190649684411411,95.0,0.1,1.2141596499726963,0.0026079969470558,1.5,1.5,0.777,0.7536231884057971,False,False,False,False,False,False,False,False,False,False,False,False,False,False,False,False,False,False,False,False,False,False,False,False,False,False,False,False,False,False,False,False,False,False,False,False,False,False,False,False,False,False,False,False,False,False,False,False,False,False,False,False,False,False,False,False,False,False,False,False,False,False,False,False,False,False,False,False,False,False,False,False,False,False,False,False,False,76.3,77.30865971379824,False
2005.0,1,0.1108033240997229,0.0,1.3655915466295263,2785.139364,0.5340093543046052,122.0,6.5,1.0,96.0,1.5095597735920083,96.0,0.1,2.268304998128889,0.001535932122942,0.8,0.7,0.839,0.7536231884057971,False,False,False,False,False,False,False,False,False,False,False,False,False,False,False,False,False,False,False,False,False,False,False,False,False,False,False,False,False,False,False,False,False,False,False,False,False,False,False,False,False,False,False,False,False,False,False,False,False,False,False,False,False,False,False,False,False,False,False,False,False,False,False,False,False,False,False,False,False,False,False,False,False,False,False,False,False,79.3,72.34798815941103,False
2006.0,1,0.335180055401662,1.0,2.042367941357864,364.426052,0.7554147346704495,149.0,57.2,1.0,97.0,0.1902331032832335,99.0,0.1,-0.2315258307152849,0.0007457457158052,2.2,2.4,0.723,0.7053140096618358,False,False,False,False,False,False,False,False,False,False,False,False,False,False,False,False,False,False,False,False,False,False,False,False,False,False,False,False,False,False,False,False,False,False,False,False,False,False,False,False,False,False,False,False,False,False,False,False,False,False,False,False,False,False,False,False,False,False,False,False,False,False,False,False,False,False,False,False,False,False,False,False,False,False,False,False,False,68.9,75.4306558547642,False
2002.0,1,0.242382271468144,0.0,1.5596859088912385,513.3465408,0.7554147346704495,0.0,38.8,0.0,98.0,0.3343979381182984,98.0,0.1,0.0265204715790134,0.0098568225419297,4.1,4.1,0.0,0.6956521739130435,False,False,False,False,False,False,False,False,False,False,False,False,False,False,False,False,False,False,False,False,False,False,False,False,False,False,False,False,False,False,False,False,False,False,False,False,False,False,False,False,False,False,False,False,False,False,False,False,False,False,False,False,False,False,False,False,False,False,False,False,False,False,False,False,False,False,False,False,False,False,False,False,False,False,False,False,False,79.0,72.56885129859403,False
2007.0,1,0.0249307479224376,154.0,-1.1601890359603813,102.633435,-0.2187689389392657,19456.0,2.5,188.0,77.0,-1.2252034569155843,73.0,0.2,-0.5875464831726879,0.1800729910917823,1.8,1.7,0.638,0.5314009661835749,False,False,False,False,False,False,False,False,False,False,False,False,False,False,False,False,False,False,False,False,False,False,False,False,False,False,False,False,False,False,False,False,False,False,False,False,False,False,False,False,False,False,False,False,False,False,False,False,False,False,False,False,False,False,False,False,False,False,False,False,False,False,False,False,False,False,False,False,False,False,False,False,False,False,False,False,False,67.5,67.1865887735952,False
2011.0,1,0.3462603878116344,25.0,-0.8179700288147315,110.2633619,-0.2630500150124346,426.0,23.5,39.0,77.0,-0.233524138504684,75.0,1.4,-0.771607239594021,7.315169657633397e-05,7.6,7.5,0.454,0.4734299516908213,False,False,False,False,False,False,True,False,False,False,False,False,False,False,False,False,False,False,False,False,False,False,False,False,False,False,False,False,False,False,False,False,False,False,False,False,False,False,False,False,False,False,False,False,False,False,False,False,False,False,False,False,False,False,False,False,False,False,False,False,False,False,False,False,False,False,False,False,False,False,False,False,False,False,False,False,False,59.1,65.24306302661766,False
2010.0,1,0.2119113573407202,0.0,0.8446014163480895,145.8401998,0.7111336585972806,0.0,43.9,0.0,94.0,0.2208135227937019,97.0,0.1,0.3970439948488568,0.0098568225419297,3.8,3.8,0.0,0.7632850241545894,False,False,False,False,False,False,False,False,False,False,False,False,False,False,False,False,False,False,False,False,False,False,False,False,False,False,False,False,False,False,False,False,False,False,False,False,False,False,False,False,False,False,False,False,False,False,False,False,False,False,False,False,False,False,False,False,False,False,False,False,False,False,False,False,False,False,False,False,False,False,False,False,False,False,False,False,False,72.6,72.9621905077113,False
2004.0,1,0.6869806094182825,55.0,0.6019834635209497,622.043809,-0.2187689389392657,830.0,42.9,83.0,73.0,0.8848454893067276,74.0,29.7,-0.0500911571097284,3.620169631123558e-06,12.6,15.0,0.611,0.6231884057971014,False,False,False,False,False,False,False,False,False,False,False,False,False,False,False,False,False,False,False,False,False,False,False,False,False,False,False,False,False,False,False,False,False,False,False,False,False,False,False,False,False,False,False,False,False,False,False,False,False,False,False,False,False,False,False,False,False,False,False,False,False,False,False,False,False,False,False,False,False,False,False,False,False,False,False,False,False,53.7,46.69283512937979,False
2012.0,1,0.1842105263157895,0.0,0.9135559924147502,2156.229842,0.7554147346704495,0.0,45.7,0.0,97.0,-0.2247868757874076,98.0,0.2,1.3262458928917815,0.0098568225419297,3.3,3.3,0.778,0.6666666666666667,False,False,False,False,False,False,False,False,False,False,False,False,False,False,False,False,False,False,False,False,False,False,False,False,False,False,False,False,False,False,False,False,False,False,False,False,False,False,False,False,False,False,False,False,False,False,False,False,False,False,False,False,False,False,False,False,False,False,False,False,False,False,False,False,False,False,False,False,False,False,False,False,False,False,False,False,False,75.9,75.61892298336532,False
2015.0,1,0.5484764542936288,57.0,0.0,0.0,0.0911985935729163,65.0,28.0,79.0,81.0,0.0146969204726966,83.0,1.9,0.4180398276407497,0.0098568225419297,5.5,5.5,0.677,0.5793619706663184,False,False,False,False,False,False,False,False,False,False,False,False,False,False,True,False,False,False,False,False,False,False,False,False,False,False,False,False,False,False,False,False,False,False,False,False,False,False,False,False,False,False,False,False,False,False,False,False,False,False,False,False,False,False,False,False,False,False,False,False,False,False,False,False,False,False,False,False,False,False,False,False,False,False,False,False,False,53.3,67.72424115798133,False
2009.0,1,0.3074792243767313,10.0,0.1473940361185193,0.0,-0.6172986235977856,78.0,17.3,14.0,67.0,-0.9325051558868164,67.0,0.2,0.4180398276407497,0.0098568225419297,9.4,9.6,0.525,0.4541062801932367,False,False,False,False,False,False,False,False,False,False,False,False,False,False,False,False,False,False,False,False,False,False,False,False,False,False,False,False,False,False,False,False,False,False,False,False,True,False,False,False,False,False,False,False,False,False,False,False,False,False,False,False,False,False,False,False,False,False,False,False,False,False,False,False,False,False,False,False,False,False,False,False,False,False,False,False,False,63.1,64.8392156293623,False
2003.0,0,0.0969529085872576,1.0,1.3706992930048347,3829.550928,0.6225715064509428,91.0,6.3,1.0,92.0,1.0552221122936225,93.0,0.1,2.268304998128889,0.0001537416055591,0.7,0.7,0.905,0.995169082125604,False,False,False,False,False,False,False,False,False,False,False,False,False,False,False,False,False,False,False,False,False,False,False,False,False,False,False,False,False,False,False,False,False,False,False,False,False,False,False,False,False,False,False,False,False,False,False,False,False,False,False,False,False,False,False,False,False,False,False,False,False,False,False,False,False,False,False,False,False,False,False,False,False,False,False,False,False,83.0,72.91788424418301,False
2004.0,1,0.1301939058171745,1.0,-0.7234767208715297,2972.448675,0.4897282782314363,22.0,57.0,1.0,94.0,-1.5047958638684371,94.0,0.1,2.268304998128889,0.0098568225419297,5.2,4.9,0.813,0.5990338164251208,False,False,False,False,False,False,False,False,False,False,False,False,False,False,False,False,False,False,False,False,False,False,False,False,False,False,False,False,False,False,False,False,False,False,False,False,False,False,False,False,False,False,False,False,False,False,False,False,False,False,False,False,False,False,False,False,False,False,False,False,False,False,False,False,False,False,False,False,False,False,False,False,False,False,False,False,False,75.1,75.78487346891556,False
2007.0,0,0.0900277008310249,1.0,1.521377811076427,872.5986092,0.5782904303777741,11.0,62.5,2.0,92.0,1.146963370825027,92.0,0.1,-0.0271342304760957,2.1827721818832136e-05,0.7,0.6,0.918,0.9178743961352656,False,False,False,False,False,False,False,False,False,False,False,False,False,False,False,False,False,False,False,False,False,False,False,False,False,False,False,False,False,False,False,False,False,False,False,False,False,False,False,False,False,False,False,False,False,False,False,False,False,False,False,False,False,False,False,False,False,False,False,False,False,False,False,False,False,False,False,False,False,False,False,False,False,False,False,False,False,81.3,76.08487001311688,False
2009.0,0,0.0914127423822714,0.0,0.5304750142666348,142.3749426,0.0,2.0,58.5,0.0,94.0,1.5663519812543067,94.0,0.1,-0.7730665026173672,0.0037320071427243,0.7,0.7,0.936,0.8405797101449275,False,False,False,False,False,False,False,False,False,False,False,False,False,False,False,False,False,False,False,False,False,False,False,False,False,False,False,False,False,False,False,False,False,False,False,False,False,False,False,False,False,False,False,False,False,False,False,False,False,False,False,False,False,False,False,False,False,False,False,False,False,False,False,False,False,False,False,False,False,False,False,False,False,False,False,False,False,89.0,74.78956828997694,False
2013.0,1,0.5055401662049862,46.0,-1.0120643910764433,76.52382535,-1.857168753646514,226.0,18.2,78.0,46.0,-1.085407253439158,39.0,3.1,-0.7429814048928551,0.010150682849385,8.8,8.7,0.387,0.3526570048309179,False,False,False,False,False,False,False,False,False,False,False,False,False,False,False,False,False,False,False,False,False,False,False,False,False,False,False,False,False,False,False,False,False,False,False,False,False,False,False,False,False,False,False,False,False,False,False,False,False,False,False,False,False,False,False,False,False,False,False,False,False,False,False,False,False,False,False,False,False,False,False,False,False,False,False,False,False,52.2,58.63017217522581,False
2007.0,1,0.4916897506925208,66.0,-0.6723992571184476,59.83361364,0.0026364414265786,1516.0,17.3,100.0,76.0,-0.4825361259470688,81.0,9.1,-0.7692415445180012,0.0003003147343861,8.4,8.3,0.494,0.4879227053140096,False,False,False,False,False,False,False,False,False,False,False,False,False,False,False,False,False,False,False,False,False,False,False,False,False,False,False,False,False,False,False,False,False,False,False,False,False,False,False,False,False,False,False,False,False,False,False,False,False,False,False,False,False,False,False,False,False,False,False,False,False,False,False,False,False,False,False,False,False,False,False,False,False,False,False,False,False,56.8,58.58206185330944,False
2010.0,1,0.1343490304709141,1.0,-0.1207626485851614,787.2808163,0.6668525825241117,0.0,57.7,1.0,99.0,-2.0596120464155048,96.0,0.1,0.095125170345594,0.0098568225419297,3.4,3.2,0.784,0.8502415458937199,False,False,False,False,False,False,False,False,False,False,False,False,False,True,False,False,False,False,False,False,False,False,False,False,False,False,False,False,False,False,False,False,False,False,False,False,False,False,False,False,False,False,False,False,False,False,False,False,False,False,False,False,False,False,False,False,False,False,False,False,False,False,False,False,False,False,False,False,False,False,False,False,False,False,False,False,False,78.0,74.91370325206567,False
2013.0,1,0.0138504155124653,0.0,1.05657289092338,263.0372838,0.4454472021582674,0.0,53.0,0.0,91.0,0.727574760395748,91.0,0.1,1.845788595226643,0.0098568225419297,3.8,3.8,0.792,0.7391304347826088,False,False,False,False,False,False,False,False,False,False,False,False,False,False,False,False,False,False,False,False,False,False,False,False,False,False,False,False,False,False,False,False,False,False,False,False,False,False,False,False,False,False,False,False,False,False,False,False,False,False,False,False,False,False,False,False,False,False,False,False,False,False,False,False,False,False,False,False,False,False,False,False,False,False,False,False,False,75.2,74.21562633691794,False
2002.0,1,0.0470914127423822,5.0,-0.5447055977357425,24.65761755,0.0,298.0,18.5,8.0,61.0,-0.0281984646486828,57.0,4.1,-0.8617547016258447,0.000999713832863,9.8,9.7,0.0,0.3429951690821256,False,False,False,False,False,False,False,False,False,False,False,False,False,False,False,False,False,False,False,False,False,False,False,False,False,False,False,False,False,False,False,False,False,False,False,False,False,False,False,False,False,False,False,False,False,False,False,False,False,False,False,False,False,False,False,False,False,False,False,False,False,False,False,False,False,False,False,False,False,False,False,False,False,False,False,False,False,52.8,60.27830629388522,False
2002.0,1,0.2313019390581717,4.0,0.2699799491259164,152.8293973,0.0,0.0,4.6,4.0,87.0,0.3780842517046815,87.0,0.1,-0.7140144083726521,0.0004317138789886,2.4,2.3,0.632,0.5893719806763285,False,False,False,False,False,False,False,False,False,False,False,False,False,False,False,False,False,False,False,False,False,False,False,False,False,False,False,False,False,False,False,False,False,False,False,False,False,False,False,False,False,False,False,False,False,False,False,False,False,False,False,False,False,False,False,False,False,False,False,False,False,False,False,False,False,False,False,False,False,False,False,False,False,False,False,False,False,71.5,67.25041316060786,False
2003.0,1,0.2077562326869806,8.0,-0.2331330688419419,18.26183281,0.0469175174997475,0.0,45.8,10.0,97.0,0.2426566795868935,87.0,0.3,-0.8755168378601069,0.0010271032105918,1.5,1.4,0.679,0.608695652173913,False,False,False,False,False,False,False,False,False,False,False,False,False,False,False,False,False,False,False,False,False,False,False,False,False,False,False,False,False,False,False,False,False,False,False,False,False,False,False,False,False,False,False,False,False,False,False,False,False,False,False,False,False,False,False,False,False,False,False,False,False,False,False,False,False,False,False,False,False,False,False,False,False,False,False,False,False,74.4,71.99111418296802,False
2000.0,1,0.3088642659279778,0.0,0.1193014310543243,0.0,0.0,0.0,2.7,0.0,87.0,1.291128205660092,82.0,1.5,0.4180398276407497,1.0690498130376251e-05,8.0,8.1,0.488,0.4492753623188406,False,False,False,False,False,False,False,False,False,False,False,False,False,False,False,False,False,False,False,False,False,False,False,False,False,False,False,False,False,False,False,False,False,False,False,False,False,False,False,False,False,False,False,False,False,False,False,False,False,False,False,False,False,False,False,True,False,False,False,False,False,False,False,False,False,False,False,False,False,False,False,False,False,False,False,False,False,62.6,63.995418180434925,False
2002.0,1,0.128808864265928,0.0,-1.172958401898652,1209.680547,0.7996958107436184,0.0,65.0,1.0,99.0,-1.0242464144182213,99.0,0.1,2.2597727924086475,0.0098568225419297,3.2,3.0,0.785,0.6714975845410628,False,False,False,False,False,False,False,False,False,False,False,False,False,False,False,False,False,False,False,False,False,False,False,False,False,False,False,False,False,False,False,False,False,False,False,False,False,False,False,False,False,False,False,False,False,False,False,False,False,False,False,False,False,False,False,False,False,False,False,False,False,False,False,False,False,False,False,False,False,False,False,False,False,False,False,False,False,73.3,75.69109906934297,False
2004.0,1,0.5332409972299169,94.0,-0.2739950398444076,8.8667775,0.0,29.0,17.2,152.0,4.0,-0.5218538081748137,4.0,2.5,-0.8938515948074978,0.0145809382699011,1.2,1.1,0.415,0.3091787439613527,False,True,False,False,False,False,False,False,False,False,False,False,False,False,False,False,False,False,False,False,False,False,False,False,False,False,False,False,False,False,False,False,False,False,False,False,False,False,False,False,False,False,False,False,False,False,False,False,False,False,False,False,False,False,False,False,False,False,False,False,False,False,False,False,False,False,False,False,False,False,False,False,False,False,False,False,False,47.1,55.768966615801205,False
2004.0,1,0.3116343490304709,12.0,-0.4961820071703144,0.0,0.1354796696460852,0.0,45.4,16.0,84.0,-0.2990536088842591,84.0,0.2,0.4180398276407497,0.0098568225419297,1.4,1.2,0.62,0.7053140096618358,False,False,False,False,False,False,False,True,False,False,False,False,False,False,False,False,False,False,False,False,False,False,False,False,False,False,False,False,False,False,False,False,False,False,False,False,False,False,False,False,False,False,False,False,False,False,False,False,False,False,False,False,False,False,False,False,False,False,False,False,False,False,False,False,False,False,False,False,False,False,False,False,False,False,False,False,False,65.1,71.44602846509231,False
2015.0,0,0.0664819944598338,0.0,0.0,0.0,0.0,35.0,57.4,0.0,97.0,0.0146969204726966,97.0,0.1,0.687284840083039,0.0064012850980407,0.4,0.3,0.938,0.7729468599033816,False,False,False,False,False,False,False,False,False,False,False,False,False,False,False,False,False,False,False,False,False,False,False,False,False,False,False,False,False,False,False,False,False,False,False,False,False,False,False,False,False,False,False,False,False,False,False,False,False,False,False,False,False,False,False,False,False,False,False,False,False,False,False,False,False,True,False,False,False,False,False,False,False,False,False,False,False,83.4,75.47172913454797,False
2011.0,0,0.077562326869806,0.0,1.5545781625159298,2443.325028,0.6668525825241117,0.0,58.3,0.0,99.0,0.714468866319833,99.0,0.1,2.268304998128889,0.0008693379834836,0.9,1.0,0.847,0.6666666666666667,False,False,False,False,False,False,False,False,False,False,False,False,False,False,False,False,False,False,False,False,False,False,False,False,False,False,False,False,False,False,False,False,False,False,False,False,False,False,False,False,False,False,False,False,False,False,False,False,False,False,False,False,False,False,False,False,False,False,False,False,False,False,False,False,False,False,False,False,False,False,False,False,False,False,False,False,False,79.7,78.57116593006627,False
2008.0,1,0.0470914127423822,23.0,-0.0696851848320793,15.99415192,0.4897282782314363,173.0,15.2,35.0,89.0,0.8542650697962595,92.0,2.9,-0.8841340777347492,0.0063470813664849,7.9,7.9,0.319,0.3816425120772947,False,False,False,False,False,False,False,False,False,False,False,False,False,False,False,False,False,False,False,False,False,False,False,False,False,False,False,False,False,False,False,False,False,False,False,False,False,False,False,False,False,False,False,False,False,False,False,False,False,False,False,False,False,False,False,False,False,False,False,False,False,False,False,False,False,False,False,False,False,False,False,False,False,False,False,False,False,55.3,64.89398354625182,False
2012.0,0,0.0941828254847645,0.0,1.7588880175282584,6616.695125,0.6225715064509428,107.0,6.5,0.0,95.0,1.0552221122936225,95.0,0.1,2.268304998128889,0.0035451019610896,0.3,0.2,0.895,0.893719806763285,False,False,False,False,False,False,False,False,False,False,False,False,False,False,False,False,False,False,False,False,False,False,False,False,False,False,False,False,False,False,False,False,False,False,False,False,False,False,False,False,False,False,False,False,False,False,False,False,False,False,False,False,False,False,False,False,False,False,False,False,False,False,False,False,False,False,False,False,False,False,False,False,False,False,False,False,False,85.0,76.56969503467509,False
2012.0,1,0.0193905817174515,0.0,-0.8613858730048513,0.0,0.7554147346704495,7.0,58.5,0.0,97.0,0.3737156203460433,95.0,0.1,0.4180398276407497,0.0098568225419297,2.2,2.2,0.739,0.6231884057971014,False,False,False,False,False,False,False,False,False,False,False,False,False,False,False,False,False,False,False,False,False,False,False,False,False,False,False,False,False,False,False,False,False,False,False,False,False,False,False,False,False,False,False,False,False,False,False,False,False,False,False,False,False,False,False,False,False,False,False,False,False,False,False,False,False,False,False,False,False,False,False,False,False,False,False,False,False,75.1,74.31975890415946,False
2009.0,1,0.3462603878116344,16.0,0.3185035396913442,41.30079452,0.0,0.0,43.0,21.0,65.0,0.3387665694769366,65.0,2.0,-0.7997784881550574,0.0007614839035893,4.1,4.1,0.466,0.4106280193236715,False,False,False,False,False,False,False,False,False,False,False,False,False,False,False,False,False,False,False,False,False,False,False,False,False,False,False,False,False,False,False,False,False,False,False,False,False,False,False,False,False,False,False,False,False,False,False,False,False,False,False,False,False,False,False,False,False,False,False,False,False,False,False,False,False,False,False,False,False,False,False,False,False,False,False,False,False,62.5,67.68394497437559,False
2014.0,1,0.0083102493074792,0.0,-0.7745541846246117,367.2556742,0.7554147346704495,46.0,62.9,0.0,98.0,-0.4039007614915787,98.0,0.1,2.268304998128889,0.0098568225419297,6.1,6.0,0.82,0.7004830917874396,False,False,False,False,False,False,False,False,False,False,False,False,False,False,False,False,False,False,False,False,False,False,False,False,False,False,False,False,False,False,False,False,False,False,False,False,False,False,False,False,False,False,False,False,False,False,False,False,False,False,False,False,False,False,False,False,False,False,False,False,False,False,False,False,False,False,False,False,False,False,False,False,False,False,False,False,False,76.8,74.86214887121263,False
2009.0,1,0.0623268698060941,3.0,0.0758855868642046,47.6164523,0.3126039739387607,26.0,29.3,4.0,89.0,1.1163829513145591,88.0,33.7,-0.8597825996363739,9.169544452616896e-05,5.8,5.9,0.519,0.5217391304347826,False,False,False,False,False,False,False,False,False,False,False,False,False,False,False,False,False,False,False,False,False,False,False,False,False,False,False,False,False,False,False,False,False,False,False,False,False,False,False,False,False,False,False,False,False,False,False,False,False,False,False,False,False,False,False,False,False,False,False,False,False,False,False,True,False,False,False,False,False,False,False,False,False,False,False,False,False,52.6,46.54688647655827,False
2011.0,1,0.4432132963988919,22.0,-0.113101029022199,3.595980333,0.6668525825241117,129.0,16.6,33.0,95.0,1.168806527618219,96.0,1.5,-0.9144715593513202,7.29012829417011e-05,7.6,7.6,0.385,0.4782608695652174,False,False,False,False,False,False,False,False,False,False,False,False,False,False,False,False,False,False,False,False,False,False,False,False,False,False,False,False,False,False,False,False,False,False,False,False,False,False,False,False,False,False,False,False,False,False,False,False,False,False,False,False,False,False,False,False,False,False,False,False,False,False,False,False,False,False,False,False,False,False,False,False,False,False,False,False,False,57.4,66.82332784697813,False
2010.0,1,0.128808864265928,8.0,-1.152527416397419,1197.946328,0.7554147346704495,334.0,63.9,9.0,98.0,-1.0548268339286897,98.0,0.1,2.268304998128889,0.0098568225419297,7.3,7.4,0.792,0.6425120772946861,False,False,False,False,False,False,False,False,False,False,False,False,False,False,False,False,False,False,False,False,False,False,False,False,False,False,False,False,False,False,False,False,False,False,False,False,False,False,False,False,False,False,False,False,False,False,False,False,False,False,False,False,False,False,False,False,False,False,False,False,False,False,False,False,False,False,False,False,False,False,False,False,False,False,False,False,False,73.7,75.08915622037232,False
2002.0,1,0.3240997229916897,71.0,-1.0708034743924877,3.421880938,0.0,736.0,14.6,96.0,84.0,-1.487321338433884,79.0,0.4,-0.8935106219462574,0.00036432710618,13.3,13.7,0.435,0.3671497584541062,False,False,False,False,False,False,False,False,False,False,False,False,False,False,False,False,False,False,False,False,False,False,False,False,False,False,False,False,False,False,False,False,False,False,False,False,False,False,False,False,False,False,False,False,False,False,False,False,False,False,False,False,False,False,False,False,False,False,False,False,False,False,False,False,False,False,False,False,False,False,False,False,False,False,False,False,False,62.8,63.455402894052796,False
2005.0,1,0.0650969529085872,30.0,-0.1973788442147844,42.08892911,0.0,29.0,19.2,47.0,67.0,2.562399931023845,65.0,2.2,-0.8677933685433648,0.0043732306711627,9.3,9.3,0.341,0.3768115942028985,False,False,False,False,False,False,False,False,False,False,False,False,False,False,False,False,False,False,False,False,False,False,False,False,False,False,False,False,False,False,False,False,False,False,False,False,False,False,False,False,False,False,False,False,False,False,False,False,False,False,False,False,False,False,False,False,False,True,False,False,False,False,False,False,False,False,False,False,False,False,False,False,False,False,False,False,False,43.3,62.34622682524834,False
2009.0,0,0.1052631578947368,0.0,1.7103644269628304,8053.557638,0.0911985935729163,49.0,54.7,0.0,83.0,2.309019312222822,83.0,0.1,2.268304998128889,0.0064483744545755,1.7,1.9,0.87,0.7391304347826088,False,False,False,True,False,False,False,False,False,False,False,False,False,False,False,False,False,False,False,False,False,False,False,False,False,False,False,False,False,False,False,False,False,False,False,False,False,False,False,False,False,False,False,False,False,False,False,False,False,False,False,False,False,False,False,False,False,False,False,False,False,False,False,False,False,False,False,False,False,False,False,False,False,False,False,False,False,82.0,81.23598819648747,False
2004.0,1,0.1218836565096952,3.0,1.1689433111801604,0.0,0.4897282782314363,11.0,26.7,3.0,9.0,-0.4126380242088555,88.0,0.1,0.4180398276407497,0.0098568225419297,1.6,1.0,0.677,0.5793619706663184,False,False,False,False,False,False,False,False,False,False,False,False,False,False,False,False,False,False,False,False,False,False,False,False,False,False,False,False,False,False,False,False,False,False,False,False,False,False,False,False,False,False,False,False,False,False,False,False,False,False,True,False,False,False,False,False,False,False,False,False,False,False,False,False,False,False,False,False,False,False,False,False,False,False,False,False,False,78.2,66.93019130538265,False
2005.0,1,0.2437673130193905,0.0,0.3670271302567722,0.0,0.7996958107436184,0.0,44.7,0.0,93.0,-0.980560100831838,99.0,0.2,0.4180398276407497,0.0098568225419297,3.7,3.7,0.692,0.6425120772946861,False,False,False,False,False,False,False,False,False,False,False,False,False,False,False,False,False,False,False,False,False,False,False,False,False,False,False,False,False,False,False,False,False,False,False,False,False,False,False,False,False,False,False,False,False,False,False,False,False,False,False,False,False,True,False,False,False,False,False,False,False,False,False,False,False,False,False,False,False,False,False,False,False,False,False,False,False,71.4,72.40299096321222,False
2015.0,1,0.221606648199446,10.0,0.0,0.0,0.6668525825241117,3.0,4.7,11.0,96.0,0.0146969204726966,96.0,0.2,-0.7550355713118541,0.0066070686853529,3.6,3.7,0.625,0.5458937198067633,False,False,False,False,False,False,False,False,False,False,False,False,False,False,False,False,False,False,False,False,False,False,False,False,False,False,False,False,False,False,False,False,False,False,False,False,False,False,False,False,False,False,False,False,False,False,False,False,False,False,False,False,False,False,False,False,False,False,False,False,False,False,False,False,False,False,False,False,False,False,False,False,False,False,False,False,False,69.7,68.50034575728681,False
2012.0,1,0.1828254847645429,2.0,-1.172958401898652,0.0,0.7554147346704495,320.0,61.8,2.0,98.0,-0.7009676938789853,98.0,0.1,0.4180398276407497,0.0098568225419297,5.6,5.4,0.706,0.6618357487922705,False,False,False,False,False,False,False,False,False,False,False,False,False,False,False,False,False,False,False,False,False,False,False,False,False,False,False,False,False,False,False,False,False,False,False,False,False,False,True,False,False,False,False,False,False,False,False,False,False,False,False,False,False,False,False,False,False,False,False,False,False,False,False,False,False,False,False,False,False,False,False,False,False,False,False,False,False,72.9,73.89166004650063,False
2013.0,1,0.224376731301939,10.0,-1.172958401898652,1.0419164,0.6668525825241117,1.0,39.0,11.0,97.0,0.369346988987405,96.0,0.2,-0.9166634199376134,0.0006320277833,3.6,3.7,0.617,0.5410628019323671,False,False,False,False,False,False,False,False,False,False,False,False,False,False,False,False,False,False,False,False,False,False,False,False,False,False,False,False,False,False,False,False,False,False,False,False,False,False,False,False,False,False,False,False,False,False,False,False,False,False,False,False,False,False,False,False,False,False,False,False,False,False,False,False,False,False,False,False,False,False,False,False,False,False,False,False,False,69.3,71.62836044302053,False
2015.0,1,0.1620498614958448,1.0,0.0,0.0,0.5782904303777741,33.0,54.9,1.0,96.0,0.0146969204726966,94.0,0.1,-0.8531460867614706,0.0002254194169464,2.1,2.2,0.741,0.6135265700483091,False,False,False,False,False,False,False,False,False,False,False,False,False,False,False,False,False,False,False,False,False,False,False,False,False,False,False,False,False,False,False,False,False,False,False,False,False,False,False,False,False,False,False,False,False,False,False,False,False,False,False,False,False,False,False,False,False,False,False,False,False,False,False,False,False,False,False,False,False,False,False,False,False,False,False,False,False,74.8,74.15198352974907,False
2011.0,1,0.6052631578947368,2.0,0.1525017824938276,735.7090978,0.4454472021582674,0.0,3.2,3.0,85.0,1.1819124216941337,91.0,15.7,-0.2161473601371321,0.0009469530712328,5.1,5.2,0.526,0.5410628019323671,False,False,False,False,False,False,False,False,False,False,False,False,False,False,False,False,False,False,False,False,False,False,False,False,False,False,False,False,False,False,False,False,False,False,False,False,False,False,False,False,False,False,False,False,False,False,False,False,False,False,False,False,False,False,False,False,False,False,False,False,False,False,False,True,False,False,False,False,False,False,False,False,False,False,False,False,False,55.0,56.936166246757736,False
2001.0,1,0.3102493074792244,0.0,0.1065320651160536,3.841228575,0.0,0.0,21.1,0.0,9.0,-2.02029436418776,92.0,1.5,-0.9100511534896016,0.0001094307583345,7.8,7.8,0.497,0.4541062801932367,False,False,False,False,False,False,False,False,False,False,False,False,False,False,False,False,False,False,False,False,False,False,False,False,False,False,False,False,False,False,False,False,False,False,False,False,False,False,False,False,False,False,False,False,False,False,False,False,False,False,False,False,False,False,False,True,False,False,False,False,False,False,False,False,False,False,False,False,False,False,False,False,False,False,False,False,False,62.8,62.70685338454972,False
2009.0,1,0.224376731301939,3.0,-0.3174108840345273,292.753101,0.7554147346704495,0.0,49.4,3.0,99.0,0.3999274084978734,98.0,0.2,-0.6574972149603314,0.0043795698459506,1.9,1.8,0.613,0.5458937198067633,False,False,False,False,False,False,False,False,False,False,False,False,False,False,False,False,False,False,False,False,False,False,False,False,False,False,False,False,False,False,False,False,False,False,False,False,False,False,False,False,False,False,False,False,False,False,False,True,False,False,False,False,False,False,False,False,False,False,False,False,False,False,False,False,False,False,False,False,False,False,False,False,False,False,False,False,False,73.2,73.75854349288413,False
2000.0,1,0.3240997229916897,1.0,1.350268307503602,0.0,0.4897282782314363,687.0,46.5,2.0,97.0,0.3256606754010219,95.0,0.1,0.4180398276407497,0.0098568225419297,3.6,3.7,0.677,0.5793619706663184,False,False,False,False,False,False,False,False,False,False,False,False,False,False,False,False,False,False,False,False,False,False,False,False,False,False,False,False,False,False,False,False,False,False,False,False,False,False,False,False,False,False,False,False,False,False,False,False,False,False,False,False,False,False,False,False,False,False,False,False,False,False,False,False,False,False,False,False,False,False,False,False,False,False,False,False,False,67.1,72.66078626764472,False
2006.0,1,0.1994459833795014,0.0,1.1050964814888078,216.3146941,0.7996958107436184,0.0,42.0,0.0,99.0,-0.6834931684444319,99.0,0.1,1.3546506422171778,0.0098568225419297,3.4,3.4,0.773,0.7101449275362318,False,False,False,False,False,False,False,False,False,False,False,False,False,False,False,False,False,False,False,False,False,False,False,False,False,False,False,False,False,False,False,False,False,False,False,False,False,False,False,False,False,False,False,False,False,False,False,False,False,False,False,False,False,False,False,False,False,False,False,False,False,False,False,False,False,False,False,False,False,False,False,False,False,False,False,False,False,74.8,73.34233473077451,False
2003.0,1,0.4432132963988919,11.0,-1.024833757014714,124.3789361,-0.6172986235977856,3863.0,39.6,14.0,62.0,0.3868215144219584,68.0,1.4,-0.8140636880380311,4.767906518673445e-05,1.5,1.4,0.433,0.3478260869565217,False,False,False,False,False,False,False,False,False,False,False,False,False,False,False,False,False,False,False,False,False,False,False,False,False,False,False,False,False,False,False,False,False,False,False,False,False,False,False,False,False,False,False,False,False,False,False,False,False,False,False,False,False,False,False,False,False,False,False,False,False,False,False,False,False,False,False,False,False,False,False,False,False,False,False,False,False,59.6,67.58214439470983,False
2008.0,1,0.3836565096952908,25.0,-0.8486165070665806,7.615430126,-0.2630500150124346,928.0,22.0,39.0,77.0,-0.7446540074653684,75.0,1.8,-0.904523062369193,0.0067216599740531,8.1,8.0,0.444,0.4396135265700482,False,False,False,False,False,False,True,False,False,False,False,False,False,False,False,False,False,False,False,False,False,False,False,False,False,False,False,False,False,False,False,False,False,False,False,False,False,False,False,False,False,False,False,False,False,False,False,False,False,False,False,False,False,False,False,False,False,False,False,False,False,False,False,False,False,False,False,False,False,False,False,False,False,False,False,False,False,57.6,64.32283176957326,False
2006.0,0,0.0900277008310249,0.0,-0.77966193099992,2639.376955,0.6225715064509428,23.0,3.5,0.0,95.0,-0.980560100831838,95.0,0.1,2.268304998128889,0.0098568225419297,2.1,2.0,0.839,0.6714975845410628,False,False,False,False,False,False,False,False,False,False,False,False,False,False,False,False,False,False,False,False,False,False,False,False,False,False,False,False,False,False,False,False,False,False,False,False,False,False,False,False,False,False,False,False,False,False,False,False,False,False,False,False,False,False,False,False,False,False,True,False,False,False,False,False,False,False,False,False,False,False,False,False,False,False,False,False,False,87.0,70.66002453315723,False
2013.0,0,0.0761772853185595,2.0,0.7526619815925417,94.43428615,0.0,229.0,28.2,3.0,99.0,-2.033400258263675,96.0,0.1,-0.1231920237358706,9.847361605620074e-05,2.0,1.7,0.894,0.7391304347826088,False,False,False,False,False,False,False,False,False,False,False,False,False,False,False,False,False,False,False,False,False,False,False,False,False,False,False,False,False,False,False,False,False,False,False,False,False,False,False,False,False,False,False,False,False,False,False,False,False,False,False,False,False,False,False,False,False,False,False,False,False,False,False,False,False,False,False,False,False,False,False,False,False,False,False,False,False,83.5,71.93088535510812,False
2005.0,1,0.4058171745152354,8.0,0.5968757171456416,351.8603267,0.5782904303777741,16118.0,46.3,9.0,99.0,-0.5262224395334519,98.0,0.1,-0.2452745045553469,0.0011706798775007,2.4,2.5,0.737,0.6714975845410628,False,False,False,False,False,False,False,False,False,False,False,False,False,False,False,False,False,False,False,False,False,False,False,False,False,False,False,False,False,False,False,False,False,True,False,False,False,False,False,False,False,False,False,False,False,False,False,False,False,False,False,False,False,False,False,False,False,False,False,False,False,False,False,False,False,False,False,False,False,False,False,False,False,False,False,False,False,64.6,73.58074769625854,False
2008.0,1,0.3767313019390582,5.0,1.2404517604344756,456.4586664,0.1354796696460852,48.0,57.6,6.0,91.0,0.3169234126837451,9.0,0.4,-0.2238127171221293,0.0003574948329387,2.5,2.6,0.73,0.7198067632850241,False,False,False,False,False,False,False,False,False,False,False,False,False,False,False,False,False,False,False,False,False,False,False,False,False,False,False,False,False,False,False,False,False,False,False,False,False,False,False,False,False,False,False,False,False,False,False,False,False,False,False,False,False,False,False,False,False,False,False,False,False,False,False,False,False,False,False,False,False,False,False,False,False,False,False,False,False,67.7,69.71718785153648,False
2013.0,1,0.2645429362880886,0.0,-1.172958401898652,460.6487805,0.7996958107436184,0.0,61.1,0.0,99.0,-0.7184422193135386,99.0,0.1,-0.067930338549801,0.0006798892485416,4.0,3.7,0.719,0.7246376811594203,False,False,False,False,False,False,False,False,False,False,False,False,False,False,False,False,False,False,False,False,False,False,True,False,False,False,False,False,False,False,False,False,False,False,False,False,False,False,False,False,False,False,False,False,False,False,False,False,False,False,False,False,False,False,False,False,False,False,False,False,False,False,False,False,False,False,False,False,False,False,False,False,False,False,False,False,False,69.6,74.68553281255599,False
2007.0,1,0.2354570637119113,55.0,-1.1218809381455697,0.0,0.7554147346704495,1684.0,54.8,65.0,98.0,-0.4170066555674938,98.0,0.1,0.4180398276407497,0.0098568225419297,3.1,3.1,0.644,0.5652173913043478,False,False,False,False,False,False,False,False,False,False,False,False,False,False,False,False,False,False,True,False,False,False,False,False,False,False,False,False,False,False,False,False,False,False,False,False,False,False,False,False,False,False,False,False,False,False,False,False,False,False,False,False,False,False,False,False,False,False,False,False,False,False,False,False,False,False,False,False,False,False,False,False,False,False,False,False,False,69.7,74.2880952109986,False
2001.0,0,0.113573407202216,0.0,1.059126764111034,2205.98595,-3.1856010358415805,65.0,59.6,0.0,82.0,0.7319433917543863,9.0,0.1,1.561668447753394,0.0098568225419297,0.3,0.3,0.868,0.8405797101449275,False,False,False,False,False,False,False,False,False,False,False,False,False,False,False,False,False,False,False,False,False,False,False,False,False,False,False,False,False,False,False,False,False,False,False,False,False,False,False,False,False,False,False,False,False,False,False,False,False,False,False,False,False,False,False,False,False,False,False,False,False,False,False,False,False,False,False,False,False,False,False,False,False,False,False,False,False,78.5,71.70376586951177,False
2015.0,1,0.020775623268698,0.0,0.0,0.0,0.0469175174997475,0.0,61.8,0.0,89.0,0.0146969204726966,89.0,0.1,0.2354141157041278,0.0004808289581665,1.8,1.8,0.804,0.7294685990338164,False,False,False,False,False,False,False,False,False,False,False,False,False,False,False,False,False,False,False,False,False,False,False,False,False,False,False,False,False,False,False,False,False,False,False,False,False,False,False,False,False,False,False,False,False,False,False,False,False,False,False,False,False,False,False,False,False,False,False,False,False,False,False,False,False,False,False,False,False,False,False,False,False,False,False,False,False,76.1,74.60835358488033,False
2006.0,1,0.203601108033241,0.0,-0.7183689744962215,503.5881956,0.3568850500119296,0.0,7.1,0.0,89.0,-0.1286769858973641,88.0,0.1,-0.4023086007353474,9.007934912488086e-06,0.1,0.1,0.695,0.7053140096618358,False,False,False,False,False,False,False,False,False,False,False,False,False,False,False,False,False,False,False,False,False,False,False,False,False,False,False,False,False,False,False,False,False,False,False,False,False,False,False,False,False,False,False,False,False,False,False,False,False,False,False,False,False,False,False,False,False,False,False,False,False,False,False,False,False,False,False,False,False,True,False,False,False,False,False,False,False,72.4,68.41567643954768,False
2002.0,1,0.0290858725761772,0.0,-0.7030457353702968,206.071686,0.7996958107436184,304.0,52.2,0.0,94.0,-1.059195465287328,93.0,0.1,-0.5154196427024023,0.0006304062777276,4.2,3.9,0.687,0.6425120772946861,False,False,False,False,False,False,False,False,False,False,False,False,False,False,False,False,False,False,False,False,False,False,True,False,False,False,False,False,False,False,False,False,False,False,False,False,False,False,False,False,False,False,False,False,False,False,False,False,False,False,False,False,False,False,False,False,False,False,False,False,False,False,False,False,False,False,False,False,False,False,False,False,False,False,False,False,False,67.9,72.19149372047276,False
2015.0,1,0.1066481994459833,2.0,0.0,0.0,0.224041821792423,157.0,62.5,3.0,98.0,0.0146969204726966,98.0,0.1,2.268304998128889,0.0051492725723507,0.7,0.6,0.894,0.7874396135265701,False,False,False,False,False,False,False,False,False,False,False,False,False,False,False,False,False,False,False,False,False,False,False,False,True,False,False,False,False,False,False,False,False,False,False,False,False,False,False,False,False,False,False,False,False,False,False,False,False,False,False,False,False,False,False,False,False,False,False,False,False,False,False,False,False,False,False,False,False,False,False,False,False,False,False,False,False,82.4,76.38666117236632,False
2013.0,1,0.0110803324099723,0.0,-0.1233165217728154,75.61062911,0.4454472021582674,0.0,54.7,0.0,87.0,1.5532460871783922,89.0,0.1,-0.8234441559204857,0.0002820747289005,2.4,2.4,0.735,0.6859903381642511,False,False,False,False,False,False,False,False,True,False,False,False,False,False,False,False,False,False,False,False,False,False,False,False,False,False,False,False,False,False,False,False,False,False,False,False,False,False,False,False,False,False,False,False,False,False,False,False,False,False,False,False,False,False,False,False,False,False,False,False,False,False,False,False,False,False,False,False,False,False,False,False,False,False,False,False,False,77.0,73.19709494326587,False
2009.0,0,0.1163434903047091,0.0,1.3911302785060675,671.9376566,0.7111336585972806,33.0,61.6,1.0,98.0,-1.9722394192427384,98.0,0.1,-0.1170958313387004,0.001388450085367,0.9,0.9,0.876,0.7632850241545894,False,False,False,False,False,False,False,False,False,False,False,False,False,False,False,False,False,False,False,False,False,False,False,False,False,False,False,False,False,False,False,False,False,False,False,False,False,False,False,False,False,False,False,False,False,False,False,False,False,False,False,False,False,False,False,False,False,False,False,False,False,False,False,False,False,False,False,False,False,False,False,False,False,False,False,False,False,79.8,76.38946975187993,False
2012.0,1,0.1149584487534626,2.0,0.5509059997678676,2260.777642,-3.1856010358415805,0.0,61.8,2.0,9.0,0.5834099255606832,9.0,0.1,1.8384883088510495,0.0013445913738716,0.8,0.8,0.826,0.748792270531401,False,False,False,False,False,False,False,False,False,False,False,False,False,False,False,False,False,False,False,False,False,False,False,False,False,False,False,False,False,False,False,False,False,False,False,False,False,False,False,False,False,False,False,False,False,False,False,False,False,False,False,False,False,False,False,False,False,False,False,False,False,False,False,False,False,False,False,False,False,False,False,False,False,False,False,False,False,79.9,69.05788535822485,False
2008.0,0,0.1038781163434903,0.0,1.8891355500986176,8329.731655,0.0911985935729163,448.0,54.2,0.0,83.0,-1.8804981607113331,83.0,0.1,2.268304998128889,0.0064315047681461,1.7,1.9,0.864,0.7294685990338164,False,False,False,True,False,False,False,False,False,False,False,False,False,False,False,False,False,False,False,False,False,False,False,False,False,False,False,False,False,False,False,False,False,False,False,False,False,False,False,False,False,False,False,False,False,False,False,False,False,False,False,False,False,False,False,False,False,False,False,False,False,False,False,False,False,False,False,False,False,False,False,False,False,False,False,False,False,84.0,81.435530193726,False
2014.0,1,0.0457063711911357,86.0,-1.172958401898652,0.0,0.7111336585972806,88.0,23.2,121.0,97.0,-0.1417828799732792,97.0,1.4,0.4180398276407497,0.0098568225419297,6.8,6.6,0.677,0.5793619706663184,False,False,False,False,False,False,False,False,False,False,False,False,False,False,False,False,False,False,False,False,False,False,False,False,False,False,False,False,False,False,False,False,False,False,False,False,False,False,False,False,False,False,False,False,False,False,False,False,False,False,False,False,False,False,False,False,False,False,False,False,False,False,False,False,False,False,False,False,False,False,False,False,False,False,False,False,False,67.0,67.87146232488097,False
2003.0,1,0.3116343490304709,1.0,0.905894372851788,0.0,0.7996958107436184,87.0,47.6,1.0,98.0,1.020273061424516,98.0,0.1,0.4180398276407497,0.0098568225419297,3.3,3.5,0.677,0.5793619706663184,False,False,False,False,False,False,False,False,False,False,False,False,False,False,False,False,False,False,False,False,False,False,False,False,False,False,False,False,False,False,False,False,False,False,False,False,False,False,False,False,False,False,False,False,False,False,False,False,False,False,False,False,False,False,False,False,False,False,False,False,False,False,False,False,False,False,False,False,False,False,False,False,False,False,False,False,False,67.6,73.18797557674993,False
2015.0,1,0.3670360110803324,52.0,0.0,0.0,-0.7501418518172922,215.0,23.8,84.0,66.0,0.0146969204726966,64.0,1.5,-0.7888013353773118,0.0013500394161881,7.7,7.5,0.438,0.4057971014492754,False,False,False,False,False,False,False,False,False,False,False,False,False,False,False,False,False,False,False,False,False,False,False,False,False,False,False,False,False,False,False,False,False,False,False,False,False,False,False,False,False,True,False,False,False,False,False,False,False,False,False,False,False,False,False,False,False,False,False,False,False,False,False,False,False,False,False,False,False,False,False,False,False,False,False,False,False,58.2,63.711136344237886,False
2015.0,1,0.2396121883656509,10.0,0.0,0.0,0.3568850500119296,0.0,19.6,12.0,87.0,0.0146969204726966,89.0,0.2,-0.7113410704892434,0.0119932681086194,1.9,1.9,0.558,0.5265700483091788,False,False,False,False,False,False,False,False,False,False,False,False,False,False,False,False,False,False,False,False,False,False,False,False,False,False,False,False,False,False,False,False,False,False,False,False,False,False,False,False,False,False,False,False,False,False,False,False,False,False,False,False,False,False,False,False,False,False,False,False,False,False,False,False,False,False,False,False,False,False,False,False,False,False,False,False,False,68.7,69.71314899320954,False
2005.0,1,0.1745152354570637,4.0,-1.0350492497653303,27.44252286,0.6225715064509428,28.0,57.8,4.0,95.0,1.2998654683773692,95.0,0.1,-0.8792036253507466,0.004416304907846,3.9,3.8,0.73,0.6666666666666667,False,False,False,False,False,False,False,False,False,False,False,False,False,False,False,False,False,False,False,False,False,False,False,False,False,False,False,False,False,False,False,False,False,False,False,False,False,False,False,False,False,False,False,False,False,False,False,False,False,False,False,False,False,False,False,False,False,False,False,False,False,False,False,False,False,False,False,False,False,False,False,False,False,False,False,False,False,72.4,72.98241776852838,False
2007.0,1,0.4542936288088642,6.0,-0.8613858730048513,11.42385961,0.4454472021582674,55.0,14.7,9.0,91.0,-1.142199461101456,91.0,1.3,-0.8624966460771722,0.0032100075552266,9.2,9.2,0.405,0.2560386473429951,False,False,False,False,False,False,False,False,False,False,False,False,False,False,False,False,False,False,False,False,True,False,False,False,False,False,False,False,False,False,False,False,False,False,False,False,False,False,False,False,False,False,False,False,False,False,False,False,False,False,False,False,False,False,False,False,False,False,False,False,False,False,False,False,False,False,False,False,False,False,False,False,False,False,False,False,False,62.0,65.49426220888883,False
2006.0,1,0.2631578947368421,159.0,-1.1601890359603813,72.0159316,-0.6615796996709544,20422.0,19.7,194.0,78.0,-1.3082074527297125,72.0,0.1,-0.6357393257987662,0.0177637465762698,1.8,1.8,0.632,0.5265700483091788,False,False,False,False,False,False,False,False,False,False,False,False,False,False,False,False,False,False,False,False,False,False,False,False,False,False,False,False,False,False,False,False,False,False,False,False,False,False,False,False,False,False,False,False,False,False,False,False,False,False,False,False,False,False,False,False,False,False,False,False,False,False,False,False,False,False,False,False,False,False,False,False,False,False,False,False,False,67.3,69.07720162945107,False
2002.0,1,0.0318559556786703,3.0,-0.4170119383530373,29.68529375,0.0026364414265786,0.0,47.0,4.0,81.0,0.8717395952308129,81.0,0.4,-0.8748121292814076,4.590839346777176e-05,2.0,1.9,0.621,0.5700483091787439,False,False,False,False,False,False,False,False,False,False,False,False,False,False,False,False,False,False,False,True,False,False,False,False,False,False,False,False,False,False,False,False,False,False,False,False,False,False,False,False,False,False,False,False,False,False,False,False,False,False,False,False,False,False,False,False,False,False,False,False,False,False,False,False,False,False,False,False,False,False,False,False,False,False,False,False,False,73.0,70.60681169113859,False
2002.0,1,0.6038781163434903,76.0,-0.7515693259357248,32.73674134,0.1354796696460852,766.0,15.1,118.0,83.0,-0.5961205412716652,84.0,15.7,-0.8484651058641122,0.0002566855687225,8.9,8.9,0.451,0.4106280193236715,False,False,False,False,False,False,False,False,False,False,False,False,False,False,False,False,False,False,False,False,False,False,False,False,False,False,False,False,False,False,False,False,False,False,False,False,False,False,False,False,False,False,False,False,False,False,False,False,False,False,False,False,False,False,False,False,False,False,False,False,False,False,False,False,False,False,False,False,False,False,False,False,False,False,False,False,False,52.1,53.36498263487134,False
2002.0,1,0.1343490304709141,0.0,1.1868204234937392,3099.357319,0.0,0.0,56.6,0.0,95.0,0.8324219130030676,98.0,0.1,2.268304998128889,4.062574781124185e-05,0.9,0.8,0.863,0.8695652173913043,False,False,False,False,False,False,False,False,False,False,False,False,False,False,False,False,False,False,False,False,False,False,False,True,False,False,False,False,False,False,False,False,False,False,False,False,False,False,False,False,False,False,False,False,False,False,False,False,False,False,False,False,False,False,False,False,False,False,False,False,False,False,False,False,False,False,False,False,False,False,False,False,False,False,False,False,False,78.1,77.97530520292999,False
2003.0,1,0.056786703601108,13.0,-0.1003316630839285,9.758449266,0.0,142.0,21.1,18.0,49.0,-1.0766699907218813,35.0,3.2,-0.8953480179702453,0.0024084528328065,8.7,8.7,0.373,0.497584541062802,False,False,False,False,False,False,False,False,False,False,False,False,False,False,False,False,False,False,False,False,False,False,False,False,False,False,False,False,False,False,False,False,False,False,False,False,False,False,False,False,False,False,False,False,False,False,False,False,False,False,False,False,False,False,False,False,False,False,False,False,False,False,False,False,False,False,False,False,False,False,False,False,False,False,False,False,False,50.0,59.966472212807176,False
2015.0,1,0.1592797783933518,8.0,0.0,0.0,0.5782904303777741,0.0,62.8,9.0,93.0,0.0146969204726966,94.0,0.1,1.4873767556531008,0.0335567648988345,1.0,0.9,0.826,0.8357487922705314,False,False,True,False,False,False,False,False,False,False,False,False,False,False,False,False,False,False,False,False,False,False,False,False,False,False,False,False,False,False,False,False,False,False,False,False,False,False,False,False,False,False,False,False,False,False,False,False,False,False,False,False,False,False,False,False,False,False,False,False,False,False,False,False,False,False,False,False,False,False,False,False,False,False,False,False,False,76.3,75.89207341537075,False
2006.0,0,0.3157894736842105,0.0,1.480515840073961,1099.248837,0.5782904303777741,7.0,57.4,0.0,96.0,0.3911901457805966,96.0,0.1,0.8084675281413295,0.0017145010037645,2.4,2.5,0.807,0.7826086956521738,False,False,False,False,False,False,False,False,False,False,False,False,False,False,False,False,False,False,False,False,False,False,False,False,False,False,False,False,False,False,False,False,False,False,False,False,False,True,False,False,False,False,False,False,False,False,False,False,False,False,False,False,False,False,False,False,False,False,False,False,False,False,False,False,False,False,False,False,False,False,False,False,False,False,False,False,False,75.0,75.81591710124293,False
2007.0,1,0.4085872576177285,1.0,-1.0605879816418713,20.86878709,-2.4771038186708783,24.0,3.9,2.0,88.0,0.7931042307753227,88.0,3.5,-0.8928297044658452,6.884829189227274e-06,5.8,5.7,0.416,0.217391304347826,False,False,False,False,False,False,False,False,False,False,False,False,False,False,False,False,False,False,False,False,False,False,False,False,False,False,False,False,False,False,False,False,False,False,False,False,False,False,False,False,False,False,False,False,False,False,False,False,False,False,False,False,False,False,False,False,False,False,False,False,False,False,False,False,False,False,False,False,False,False,False,False,False,False,False,False,False,59.8,63.427341489652704,False
2002.0,1,0.5124653739612188,13.0,-0.085008423958004,10.424369,0.0,131.0,2.7,19.0,51.0,-0.2073123503528542,39.0,3.1,-0.8875226081558462,0.0002804238538278,8.8,8.9,0.376,0.5024154589371981,False,False,False,False,False,False,False,False,False,False,False,False,False,False,False,False,False,False,False,False,False,False,False,False,False,False,False,False,False,False,False,False,False,False,False,False,False,False,False,False,False,False,False,False,False,False,False,False,False,False,False,False,False,False,False,False,False,False,False,False,False,False,False,False,False,False,False,False,False,False,False,False,False,False,False,False,False,56.0,58.1422632577155,False
2008.0,1,0.2742382271468144,16.0,-0.6034446810517867,53.10009046,0.4454472021582674,4211.0,15.3,18.0,91.0,-0.1548887740491943,91.0,0.7,-0.7859309693549177,0.0001072952865058,11.2,11.4,0.511,0.5072463768115942,False,False,False,False,False,False,False,False,False,False,False,False,False,False,False,False,False,False,False,False,False,False,False,False,False,False,False,False,False,False,False,False,False,False,False,False,False,False,False,False,False,False,False,False,False,False,False,False,False,False,False,False,False,False,False,False,False,False,False,False,False,False,False,False,False,False,False,False,False,False,False,False,False,False,False,False,False,65.6,66.02715861935694,False
2013.0,1,0.2268648865476893,0.0,-1.172958401898652,871.8783173,-3.2298821119147494,0.0,81.6,0.0,79.0,2.562399931023845,79.0,0.1,-0.2727097690380053,0.0098568225419297,0.1,0.1,0.677,0.0,False,False,False,False,False,False,False,False,False,False,False,False,False,False,False,False,False,False,False,False,False,False,False,False,False,False,False,False,False,False,False,False,False,False,False,False,False,False,False,False,False,False,False,False,False,False,False,False,False,False,False,False,False,False,False,False,False,False,False,False,False,False,False,False,False,False,False,False,False,False,False,False,False,False,False,False,False,69.22493169398908,76.23947174545178,False
